GEOID20,avgPrem2018,avgPrem2022,premChange,premPctChange,nonRenewRate,nonPayRate,claimSeverity,claimFrequency,lossRatio
"50001",1571.18,1784.96,213.78,13.6,0.3,1.4,10049.01,5.7,30.19
"50002",1442.56,1846.41,403.84,28,0.5,1.1,15365.13,8.2,113.52
"50003",1590.47,1842.95,252.48,15.9,0.9,1.5,15968.11,5.5,47.03
"50005",1432.68,1590.5,157.82,11,2.9,3.5,18246.38,7.6,92.86
"50006",1445.64,1705.59,259.95,18,0.7,1.7,11311.41,4.9,29.14
"50007",1447.51,1710.17,262.65,18.1,0,1,16017.63,19.1,127.79
"50008",1515.07,1672.91,157.84,10.4,0.3,2.4,6395.09,5.9,34.37
"50009",1278.84,1502.88,224.04,17.5,1.1,1.1,12579.65,17,155.95
"50010",1332.98,1500.2,167.22,12.5,0.9,1.2,13348.96,8.7,68.11
"50014",1486.63,1721.43,234.79,15.8,0.7,0.9,17513.07,10.8,106.44
"50020",1331.42,1568.88,237.46,17.8,1.2,1.1,8662.1,11.6,57.55
"50021",1418.27,1585.92,167.65,11.8,1.5,1.2,13816.11,10.4,83.51
"50022",1288.34,1510.7,222.37,17.3,0.7,2.3,10817.84,8.6,63.74
"50023",1337.23,1540.3,203.07,15.2,1.3,1,12526.3,10.1,75.14
"50025",1318.11,1725.81,407.7,30.9,1.2,1.9,12024.42,4.3,26.06
"50028",1547.58,1687.13,139.55,9,0.6,2.5,19103.79,23.3,228.08
"50035",1336.94,1556.98,220.04,16.5,1.4,1,13433.53,11.6,103.05
"50036",1449.51,1684.9,235.39,16.2,1.1,1.5,15695.92,8.5,71.51
"50044",1441.07,1530.63,89.56,6.2,1,3.2,6107.41,2.2,9.37
"50046",1561.34,1821.87,260.53,16.7,2.5,1.2,22645.09,23.7,239.06
"50047",1324.61,1500.64,176.03,13.3,1,2,15303.77,7.1,65.23
"50048",1475.62,1841.45,365.83,24.8,1.7,2.6,12213.5,5.7,42.57
"50049",1403.55,1538.26,134.71,9.6,0.4,1.4,15567.54,9.4,71.19
"50050",1424.04,1667.59,243.54,17.1,1.9,1.9,54922.73,5.5,106.7
"50054",1414.75,1616.16,201.41,14.2,1,2.8,16981.13,12,100.72
"50055",1613.43,1701.67,88.24,5.5,0.6,2.2,23804.96,17.2,158.05
"50056",1486.95,1628.63,141.68,9.5,1.5,1.1,14273.59,14,120.37
"50058",1566.61,1660.74,94.13,6,0.6,1.5,10390.6,8.7,56.18
"50060",1497.24,1828.66,331.42,22.1,0.5,2,11174.71,3.7,28.14
"50061",2084.65,2428.21,343.56,16.5,0.9,1.2,19723.35,10.1,82.73
"50062",1442.13,1647.11,204.98,14.2,0.9,1.9,7621.99,8.3,41.22
"50063",1611.27,1820.27,209,13,0.3,1.2,19924.88,9.2,90.5
"50069",1443.39,1642.73,199.33,13.8,1.5,0.8,12388.64,5.1,39.1
"50070",1789.15,1848,58.85,3.3,1,1.9,15346.58,6.5,56.2
"50072",1633.44,1777.62,144.18,8.8,1.8,1.3,29489.58,6.2,91.82
"50073",1474.82,1646.41,171.59,11.6,1.9,1.4,14567.08,15,116.02
"50074",1830.2,2122.39,292.18,16,1,1.1,11118.15,6,28.1
"50075",1537.96,1682.48,144.52,9.4,1.3,0.9,11599.42,4,24.4
"50076",1320.03,1619.9,299.88,22.7,0.6,1.7,21172.27,6.1,85.09
"50105",1352.4,1561.58,209.18,15.5,1.2,1.4,13068.73,10.1,79.78
"50106",1513.63,1667.73,154.1,10.2,1.2,1.6,18212.75,12.5,148.48
"50107",1574.3,1687.82,113.52,7.2,2.1,1.6,8992.06,6.2,41.28
"50109",1531.14,1676.6,145.46,9.5,0.8,1.5,13357.98,17,134.23
"50111",1350.66,1551.66,201.01,14.9,1.4,1.3,15045.24,15.4,155.5
"50112",1473.89,1636.42,162.53,11,0.9,1.8,21315.65,13.2,112.64
"50115",1444.54,1688.45,243.91,16.9,1.2,1.3,15405.82,4.9,55.27
"50118",1320.15,1352.48,32.33,2.4,0.6,0.9,8826.8,5,24.54
"50122",1878.69,2174,295.31,15.7,1.4,1.1,18769.48,5.5,35.75
"50123",1254.73,1456.55,201.82,16.1,0.9,1.2,17371.45,4.6,53.06
"50124",1371.19,1577.89,206.69,15.1,1.5,1.3,16828.59,29.3,246.52
"50125",1466.14,1606.78,140.64,9.6,0.7,1.2,14356.04,8.1,67.98
"50126",1342.15,1514.38,172.23,12.8,0.6,2.9,15864.66,4.9,48.57
"50129",1395.87,1643.72,247.85,17.8,1.1,1.3,10797.16,6.9,49.12
"50130",1542.7,1576.12,33.42,2.2,1,1.8,20102.1,5.3,66.07
"50131",1627.32,1822.47,195.16,12,1.4,1.1,17925.72,16.5,164.44
"50134",1582.72,1866.29,283.57,17.9,1,1.1,19676.93,14.9,170.23
"50135",1493.18,1657.31,164.14,11,1.9,3.2,14926.43,18.5,162.38
"50138",1384,1518.5,134.51,9.7,0.7,1.1,14892.81,6.8,67.92
"50139",1531.32,1647.14,115.82,7.6,0.9,2,21588,12.3,138.35
"50140",1484.49,1730.77,246.28,16.6,1.2,2.6,36975.13,4.9,93.15
"50141",1636.66,1616.05,-20.61,-1.3,0,2,21167.29,8.9,97.19
"50142",1159.29,1439.07,279.79,24.1,1.1,1.6,15566.44,17.9,188.31
"50143",1555.63,1518.88,-36.75,-2.4,0,0.6,19001.74,3.8,42.15
"50144",1310.55,1585.93,275.38,21,1,1,37493.53,3.4,62.29
"50146",1767.15,2179.61,412.47,23.3,1.4,1.8,10397.12,6.3,52.25
"50149",1687.17,1755.71,68.54,4.1,1.2,3.2,12475.54,12.1,89.36
"50150",1409.86,1564.79,154.93,11,1.5,1.3,26199.31,4,81.51
"50151",1463.21,1845.14,381.93,26.1,1,1,30191.41,5.8,115.71
"50153",1569.81,1780.37,210.56,13.4,1.2,2.3,13242.21,3.8,34.25
"50154",1389.99,1630.84,240.85,17.3,0.6,1.5,9697.99,24.4,178.3
"50156",1571.05,1660.96,89.91,5.7,0.8,2.3,15827.84,22.8,220
"50157",1481.8,1516.55,34.75,2.3,3.6,2,8169.9,11.9,79.13
"50158",1313.08,1498.28,185.2,14.1,1.4,2.3,22994.55,26.8,331.18
"50160",1229.26,1360.99,131.72,10.7,1.3,1.3,8504.89,5.4,29.12
"50161",1511.09,1750.61,239.52,15.9,2.8,1.2,15035.33,14,111.32
"50162",1481.51,1669.46,187.95,12.7,0.4,1.4,12072.31,12.8,88.59
"50163",1413.45,1484.29,70.84,5,1,3.6,10310.35,5.5,40.1
"50164",1461.03,1702.72,241.69,16.5,1.9,2.9,47678.62,5.4,81.58
"50166",1402.35,1540.39,138.04,9.8,0.6,1.2,12375.54,6.4,47.01
"50167",1413.85,1615.23,201.38,14.2,0.7,1.9,13150.97,6.8,52.53
"50168",1403.06,1641.14,238.07,17,0.6,1.7,19065.86,21.4,238.07
"50169",1483.05,1646.76,163.71,11,1.8,0.9,15057.95,14.8,153.86
"50170",1401.59,1606.51,204.92,14.6,0.4,2.6,9726.48,3.9,21.53
"50171",1608.03,1720.31,112.28,7,0.9,1.8,14582.36,7.1,49.76
"50173",1396.83,1489.93,93.1,6.7,1.7,3,19432.59,19.5,284.88
"50174",1430.7,1620.18,189.48,13.2,1.9,2.4,17347.09,5.5,44.18
"50201",1325.4,1507.1,181.7,13.7,0.7,1.6,14037.46,17,141.96
"50207",1479.75,1599.28,119.53,8.1,1.7,2.3,12328.12,4.7,37.02
"50208",1302.18,1478.14,175.96,13.5,1.1,2.9,15238.63,15,132.44
"50210",1666.19,1821.34,155.15,9.3,1.2,1.4,26746.16,14,148.42
"50211",1418.24,1593.64,175.4,12.4,1,1.2,15424.11,9.4,86.97
"50212",1545.28,1677.97,132.69,8.6,1.3,1.3,16420.26,24.8,291.53
"50213",1474.14,1651.24,177.1,12,1.2,2.4,14187.13,9.1,67.74
"50214",1711.07,2019.79,308.72,18,1,2.3,72809.67,4.9,78.73
"50216",1888.71,2194.12,305.42,16.2,0.8,1.3,14306,6.5,38.88
"50219",1443.37,1602.1,158.72,11,0.3,1.4,15617.27,5.3,47.83
"50220",1370.32,1584.74,214.42,15.6,1,2.3,15939.13,11.1,82.63
"50222",1420.02,1695.05,275.03,19.4,1.1,2.4,61026.26,5.3,185.87
"50225",1425.33,1518.13,92.8,6.5,0.9,1.8,12014.41,6,46.94
"50226",1457.77,1683.55,225.78,15.5,1,1,14303.52,9.8,76.8
"50228",1470.83,1662.47,191.64,13,1.3,2.3,32464.3,5.2,102.63
"50229",1830.86,1978.29,147.43,8.1,0.6,1.6,21667.96,6.5,65.88
"50230",1554.22,1619.71,65.49,4.2,0.9,0.6,8957.28,5.1,35.06
"50232",1508.79,1834.74,325.94,21.6,0.6,2,15939.57,5.2,51.82
"50233",1438.81,1609.29,170.47,11.8,0.9,2.6,9485.67,5.1,29.82
"50234",1648.38,1843.53,195.14,11.8,1.4,1.5,23174.16,25.2,288.47
"50236",1448.05,1569.41,121.36,8.4,1.6,0.9,13185.68,15.9,110.75
"50237",1668.08,1903.02,234.94,14.1,0.8,1.3,22333.65,10.2,181
"50238",1381.27,1579.03,197.75,14.3,0.5,1.9,9682.86,4.9,43.37
"50240",1636.27,1827.39,191.12,11.7,0.3,1.5,35540.35,4.8,84.8
"50244",1341.06,1572.42,231.37,17.3,1.4,1,16373.26,23.6,244.83
"50246",1594.26,1720.56,126.3,7.9,1,1.4,163097.57,9.7,216.16
"50247",1475.66,1780.52,304.85,20.7,1.4,3.2,14046.99,12.9,98.12
"50248",1499.99,1673.5,173.51,11.6,1.1,0.9,21766.25,7.5,80.28
"50249",1561.41,1785.23,223.81,14.3,1,2.1,11867.72,5.6,49.32
"50250",1534.67,1702.11,167.44,10.9,0.7,2,19638.36,9.9,72.92
"50251",1438.24,1574.02,135.78,9.4,0.9,1.4,10285.4,3.8,24.08
"50252",1581.67,1616.61,34.94,2.2,0.6,1.6,42510.49,4.8,86.98
"50256",1465.68,1469.08,3.4,0.2,0.5,3.9,11903.51,2.8,34.7
"50257",1525.56,1829.96,304.39,20,0.9,2.6,11096.95,3.9,25.97
"50258",1520.06,1650.46,130.4,8.6,1.3,2.5,12360,13.7,127.02
"50261",1706.13,2088.43,382.3,22.4,0.9,1.6,31804.65,6.9,74.13
"50263",1469.6,1711.02,241.42,16.4,1.3,1.3,12721.14,6,42.99
"50265",1489.22,1675.79,186.57,12.5,1,1.4,13041.64,17.3,136.5
"50266",1585.84,1842.57,256.72,16.2,1.2,1.3,13858.08,10.5,76.86
"50268",1493.38,1500.52,7.14,0.5,0.9,4.9,5178.7,3.5,13.52
"50273",1511.2,1688.13,176.93,11.7,1.2,1.3,18975.27,14.1,141.05
"50276",1547.59,1685.38,137.8,8.9,1.7,1,17605.53,39,397.76
"50278",1488.82,1700.66,211.84,14.2,1.7,3.5,12504.26,32,324.11
"50309",1359.22,1566.46,207.24,15.2,1.1,4.5,9850.54,11.6,65.82
"50310",1205.33,1353.3,147.97,12.3,1.4,1.3,11039.31,17.3,136.69
"50311",1294.72,1483.7,188.98,14.6,1.1,1.5,10644.58,10,69.13
"50312",1753.5,1961.55,208.05,11.9,1,1.5,13383.01,9.4,62.35
"50313",1233.21,1376.16,142.95,11.6,1.1,2,11802.53,8.1,62.58
"50314",1435.46,1596.96,161.5,11.3,1.6,3.8,12818.23,9.2,62.68
"50315",1168.59,1315.89,147.3,12.6,1.3,1.8,10401.83,12,88.36
"50316",1248.82,1392.03,143.21,11.5,1.7,2.7,12940.63,9.1,73.61
"50317",1180.73,1332.59,151.86,12.9,1.3,1.9,11318.44,9.1,67.2
"50320",1254,1424.66,170.67,13.6,1,1.8,12130.41,17.5,161.13
"50321",1605.75,1831.48,225.73,14.1,1.2,1,11594.84,13.7,85.35
"50322",1312.1,1497.09,184.99,14.1,1,1.1,11267.24,12.7,92.59
"50323",1741.25,2024.37,283.12,16.3,1.2,1.1,16596.63,9.4,74.47
"50324",1286.72,1455.31,168.59,13.1,1.2,1.3,11668.29,12.4,92.26
"50325",1671.78,1904.95,233.17,13.9,1.4,1,14353.4,12.3,92.2
"50327",1409.73,1604.71,194.98,13.8,1.1,1.3,19079.13,13.6,145.61
"50401",1329.15,1541.75,212.6,16,1,2,12574.49,5.4,42.65
"50421",1338.63,1610.61,271.98,20.3,1.3,2.2,27368.61,4,62.5
"50423",1353.14,1461.9,108.76,8,0.7,2.1,12721.94,5.3,41.78
"50424",1400.73,1549.23,148.5,10.6,0.2,1.7,7486.53,3.9,22.64
"50428",1515.84,1727.43,211.59,14,1,1.5,18889.72,6.9,64.07
"50434",1396.51,1569.85,173.34,12.4,1.5,2.9,20915.93,13.1,168.02
"50435",1411.82,1550.05,138.23,9.8,0.2,0.7,11499.24,8,50.83
"50436",1425.79,1684.7,258.91,18.2,1,2.5,14277.73,4.1,39.79
"50438",1401.68,1687.64,285.96,20.4,0.6,2.1,12216.82,18.3,134.47
"50441",1430.95,1510.37,79.42,5.5,0.9,2.7,12835.64,4.8,36.85
"50446",1485.4,1810.6,325.2,21.9,0.8,3,24827.95,8.9,263.68
"50447",1432.29,1848.26,415.97,29,1.6,1.6,5655.54,10.7,61.34
"50448",1384.8,1592.08,207.29,15,0.6,1.9,19544.81,5,91.91
"50449",1341.29,1631.5,290.21,21.6,2.8,2.8,15298.63,12,181.72
"50450",1439.52,1709.81,270.29,18.8,0.8,1.3,9632.18,3.6,21.1
"50456",1363.43,1552.24,188.81,13.8,1.3,1.2,19512.56,4.6,69.27
"50458",1430.68,1596.98,166.3,11.6,0.9,1.9,15706.29,6.4,62.01
"50459",1436.43,1592.98,156.56,10.9,1.1,1.4,20742.74,5.7,66.47
"50461",1386.85,1600.71,213.85,15.4,0.9,1.8,10276.1,2.8,16.68
"50464",1385.94,1544.34,158.4,11.4,0.7,1.1,45911.46,7.9,96.61
"50466",1429.41,1557.83,128.43,9,3.4,2.9,9500.4,3.9,21.91
"50468",1517.82,1742.71,224.89,14.8,1,2.6,17010.83,12.2,112.51
"50469",1487.01,1709.81,222.8,15,1.2,2.9,26469.76,8.2,147.01
"50472",1629.38,1730.32,100.94,6.2,0.8,1.8,17241.08,3.4,30.1
"50475",1360.66,1600.44,239.78,17.6,1.4,0.9,6642.93,7.6,40.56
"50480",1404.61,1517.45,112.84,8,2.6,1,8684.82,2.9,16.42
"50482",1491.3,1653.88,162.59,10.9,0.4,2.6,12515.48,11.4,91.33
"50501",1357.5,1590.55,233.05,17.2,1,1.8,13668.95,13.5,104.26
"50510",1506.23,1681.22,174.99,11.6,0.5,0.5,2766.6,4.1,14.38
"50511",1388.42,1581.15,192.73,13.9,0.5,0.8,11758.85,4.2,34.58
"50516",1398.67,1525.75,127.08,9.1,0.6,1.2,11602.9,5.1,35.38
"50523",1481.59,1632.81,151.22,10.2,1,0.3,22922.12,4.5,51.03
"50525",1321.05,1555.77,234.72,17.8,1,1.9,15284.91,3.2,30.84
"50529",1263.08,1431.82,168.75,13.4,0.8,1.1,7690.59,5.8,34.48
"50530",1562.6,1693.27,130.67,8.4,1.7,2.1,9646.73,5.4,34.47
"50532",1505.71,1723.45,217.74,14.5,0.5,1.4,18128.85,8.5,108.78
"50533",1324.33,1566.94,242.61,18.3,1.4,2.9,11531.41,5.2,38.13
"50536",1370.88,1586.8,215.93,15.8,1.1,0.8,7207.39,4.2,18.64
"50542",1454.43,1642.35,187.91,12.9,0.5,1.8,15113.34,5.5,73.3
"50543",1515.56,1638.09,122.53,8.1,1,1.7,19866.36,6.5,73.28
"50548",1411.81,1565.47,153.66,10.9,0.8,0.7,13711.86,8,62.38
"50554",1346.85,1524.23,177.38,13.2,1.8,3,29112.56,23,257.6
"50557",1617.15,1817.2,200.05,12.4,1.2,2.1,15364.6,6.4,98.36
"50558",1727.73,1699.74,-27.99,-1.6,0.6,5.7,10602.59,14.8,91.23
"50563",1597.74,1804.52,206.78,12.9,1.2,1.6,10453.04,5.4,31.79
"50568",1538.99,1964.47,425.48,27.6,0.6,1.3,7529.86,5.4,19.92
"50569",1528.83,1601.79,72.97,4.8,0.5,3.2,7107.53,6,24.77
"50574",1333.86,1450.38,116.53,8.7,0.7,0.8,9163.11,7.9,48.09
"50579",1608.31,1787.82,179.51,11.2,0.8,2.4,18429.42,4.6,40.57
"50583",1457.51,1555.43,97.91,6.7,0.8,1.7,12952.2,2.3,17.66
"50585",1452.18,1734.27,282.09,19.4,1.3,0.9,10422.17,4,35.3
"50588",1488.13,1834.73,346.6,23.3,0.7,1.8,16678.29,3,24.49
"50595",1308.49,1574.03,265.54,20.3,0.7,1.6,15258.05,5.3,48.79
"50597",1425.28,1565.34,140.06,9.8,1.4,0.6,32831.91,23,415.44
"50601",1431.37,1712.37,281,19.6,0.4,1.4,16619.98,2.6,26.15
"50602",1330.26,1576.14,245.88,18.5,0.9,1.6,25444.17,4.3,43.84
"50604",1419.05,1566.09,147.04,10.4,0.9,1.3,15631.94,4,38.39
"50613",1389.62,1536.88,147.26,10.6,1.2,1.1,17894.77,4.3,46.99
"50616",1378.01,1573.79,195.78,14.2,0.7,1.7,19905.41,3.1,32.22
"50619",1453.91,1528.24,74.33,5.1,0.7,1.5,8244.97,3.9,25.16
"50621",1456.62,1692.15,235.53,16.2,1.3,1,18643.59,12.7,129.45
"50622",1507.69,1702.32,194.63,12.9,1.1,1.2,12608.69,2.7,18.73
"50624",1667.06,1747.02,79.96,4.8,1.1,0.8,40234.17,5.9,97.47
"50625",1481.92,1622.95,141.03,9.5,1.4,2.6,12816.52,2.6,31.99
"50626",1375.65,1647.5,271.85,19.8,0.9,2.6,9520.43,3.9,23.08
"50627",1414.09,1846.66,432.57,30.6,1.1,1.9,24092.64,4.9,51.34
"50629",1515.6,1628.29,112.69,7.4,0.9,1.8,11703.7,11.9,89.99
"50630",1336.46,1454.05,117.59,8.8,0.8,1.6,49725.91,2.3,73.62
"50632",1500.38,1720.96,220.58,14.7,0.8,3.4,19585.13,10.2,130.97
"50634",1199.81,1334.98,135.17,11.3,1.2,0.9,7842.76,1.4,10.25
"50635",1511.64,1667.97,156.33,10.3,0.6,1.6,20681.13,14,139.92
"50636",1443.43,1658.53,215.1,14.9,0.5,1.8,7911.26,4.1,19.82
"50638",1346.45,1544.26,197.82,14.7,0.6,1.8,12476.84,4.6,38.11
"50641",1495.18,1490.19,-4.99,-0.3,0.6,3.5,6786.96,6.5,32.21
"50642",1355.42,1689.99,334.57,24.7,0.7,1.3,8325.66,4.4,36.95
"50643",1425.8,1593.1,167.3,11.7,1.5,0.7,32351.61,4.5,75.98
"50644",1318.99,1529.74,210.75,16,1.4,1.5,12879.57,4.5,40.54
"50647",1490.21,1670.17,179.97,12.1,0.4,1.4,15947.31,3.1,26.54
"50648",1372.91,1521.91,149,10.9,1,1.2,7958.85,2.6,13.27
"50651",1342.26,1546.67,204.41,15.2,1,1.1,15320.09,4,37.54
"50655",1471.5,1609.68,138.18,9.4,0.8,3.4,4825.2,3.2,8.57
"50658",1380.06,1579.04,198.98,14.4,1.3,1.7,28937.06,2.9,53.44
"50659",1374.89,1411.52,36.63,2.7,0.4,2.1,12033.97,2.8,21.2
"50660",1550.24,1705.67,155.43,10,1,1.7,22145.14,2.8,32.58
"50662",1286.83,1548.14,261.31,20.3,1.7,3.2,16412.37,5,50.57
"50665",1487.27,1637.74,150.47,10.1,0.9,0.9,12616.64,5,40.61
"50666",1396.68,1658,261.32,18.7,1,3.1,7233.95,4.6,30.86
"50667",1367.21,1583.79,216.58,15.8,1.1,1.2,11465.91,2.7,20.96
"50668",1454.27,1569.68,115.41,7.9,0.3,1.3,7425.83,4.7,35.96
"50669",1414.18,1584.91,170.73,12.1,0.6,1.7,19922.29,5.4,51.41
"50670",1308.43,1487.13,178.7,13.7,0.6,1,25467.96,2.9,53.27
"50674",1440.51,1632.4,191.88,13.3,0.4,1.9,10050.53,3.9,26.95
"50675",1427.14,1613.4,186.26,13.1,0.9,1.9,12825.41,13.2,95.3
"50676",1339.44,1633.06,293.62,21.9,1.9,2,10460.39,5.9,33.99
"50677",1403.31,1574.26,170.95,12.2,0.9,1,10392.95,2.8,17.77
"50680",1342.39,1649.02,306.62,22.8,1,2.2,24575.71,4.9,46.19
"50682",1459.18,1669.15,209.97,14.4,0.6,1.8,14703.81,6.5,58.81
"50701",1274.75,1430.35,155.61,12.2,1.2,1.4,12472.43,4.6,38.58
"50702",1127.27,1291.46,164.19,14.6,1.7,1.5,9412.47,3.1,22.05
"50703",1216.76,1380.23,163.47,13.4,1.2,2.4,11598.53,4.5,35.85
"50707",1149.58,1313.88,164.3,14.3,0.8,1.4,17114.19,2.9,30.85
"50801",1496.53,1847.02,350.48,23.4,1.2,2.2,12723.07,4.2,28.37
"50830",1573.21,1959.03,385.82,24.5,1.1,1.5,13857.71,10.7,70.92
"50833",1458.4,1616.6,158.2,10.8,1.6,2.3,31499.9,4.4,76.76
"50841",1641.8,1690.71,48.91,3,1.6,1.2,12656.77,7.7,44.94
"50846",1398.89,1649.17,250.29,17.9,1.8,1.9,13112.91,14.1,131.09
"50849",1531.77,1760.88,229.1,15,0.8,0.7,16590.73,5.7,40.66
"50851",1542,1735.21,193.21,12.5,1.6,0.9,20234.38,3.6,41.43
"50854",1727.08,1890.3,163.22,9.5,0.7,1.7,4480.02,3.2,8.32
"50858",1644.95,1991.6,346.64,21.1,1,2.9,13469.03,20.4,273.11
"50864",1560.18,1831.99,271.82,17.4,2.1,2.7,18291.53,14.3,145.64
"51001",1370.25,1558.24,187.99,13.7,0.4,1.1,45448.52,2.2,63.98
"51002",1531.33,1841.23,309.9,20.2,0.4,1.5,18468.08,10.7,76.27
"51003",1233.73,1571.29,337.56,27.4,0.8,0.9,12477.33,7.4,53.82
"51004",1431.27,1634.49,203.22,14.2,1,3,20746.5,3.6,61.05
"51005",1350.82,1633.43,282.61,20.9,0.8,1.4,5613.89,9.1,50.45
"51006",1287.19,1682.58,395.39,30.7,1.8,2.1,9120.12,5.4,33.54
"51007",1468.78,1752.13,283.35,19.3,1.3,1.1,16722.83,6.6,63.1
"51012",1316.1,1581.65,265.55,20.2,0.9,1.2,12900.71,4.3,32.17
"51016",1453.67,1771.7,318.03,21.9,2.2,1.7,3664.51,3.1,7.33
"51023",1262.87,1550.72,287.85,22.8,0.8,2.1,8374.9,3.7,21.76
"51024",1674.74,1912.26,237.51,14.2,1.2,1.3,19360.48,3.7,45.41
"51025",1266.58,1544.4,277.82,21.9,0.8,1.1,13138.88,13.5,140.95
"51026",1583.73,1721.84,138.11,8.7,2.6,1.2,-27492.52,4.9,17.8
"51027",1488.22,1419.96,-68.25,-4.6,0.5,1.1,5409.53,3,14.87
"51028",1581.52,1772.93,191.41,12.1,1,1.6,11644.34,4.6,35.53
"51030",1526.03,1900.95,374.92,24.6,1.1,1.4,14049.93,6,54.76
"51031",1323.83,1532.96,209.13,15.8,0.7,1,9720.9,3.3,20.28
"51034",1637.55,1849.74,212.19,13,2.5,1.3,11717.79,3.3,19.5
"51038",1504.84,1697.14,192.3,12.8,0.6,1.8,11233.97,4.8,39.59
"51039",1461.09,1714.06,252.97,17.3,0.9,1.2,21692.15,3.3,55.19
"51040",1404.08,1661.91,257.83,18.4,1.4,3.3,17220.62,3.3,35.54
"51041",1275.46,1535.51,260.05,20.4,0.6,0.4,8522.56,2.9,14.75
"51046",1350.85,1502.06,151.21,11.2,2.2,0.4,4883.21,6.3,22.69
"51050",1361.39,1641.63,280.24,20.6,1.5,2.1,4993.59,3.1,10.57
"51052",1526.19,1715.05,188.85,12.4,2.3,2.7,32772.93,2.5,74.08
"51054",1569.49,1884.48,314.99,20.1,1.3,1.3,21822.85,3.1,30.27
"51055",1594.57,1745.33,150.76,9.5,1.6,1.2,11833.7,6.1,41.41
"51063",1671.71,2012,340.29,20.4,1.4,4.3,10702.06,5,26.99
"51103",1265.8,1480.29,214.49,16.9,1.3,3.1,13982.78,5.3,52.02
"51104",1453.68,1735.37,281.69,19.4,1.7,2,13439.24,4.6,36.13
"51105",1248.48,1366.69,118.21,9.5,1.3,5.3,13725.52,4.7,44.39
"51106",1365.99,1605.4,239.41,17.5,1.2,1.7,18127.1,7.2,75.25
"51108",1590.69,1879.68,288.98,18.2,1.6,2.4,12630.63,3.8,25.34
"51109",1256.53,1507.96,251.44,20,0.9,2.5,12563.08,4.5,37.01
"51201",1445.79,1565.3,119.5,8.3,0.7,0.9,8994.32,3.6,23.71
"51239",1290.83,1485.23,194.4,15.1,0.9,1,16188.44,3.8,45.33
"51240",1382.59,1454.72,72.13,5.2,0.9,1,12876.84,4.1,45
"51241",1617.09,1647.79,30.71,1.9,0.1,1.7,10137.17,26.6,240.55
"51245",1494.96,1599.14,104.19,7,0.7,2.8,53235.1,3.5,89.65
"51246",1370.78,1526.39,155.61,11.4,0.6,0.7,18120.14,2.6,18.55
"51247",1238.89,1427.29,188.4,15.2,0.9,0.3,10004.46,5.7,38.3
"51248",1466.24,1593.66,127.42,8.7,0.9,1.4,6622.02,4.8,21.32
"51249",1310.42,1495.73,185.31,14.1,2.1,2,26963.82,4,42.68
"51250",1333.33,1485.15,151.82,11.4,0.7,0.7,10639.92,3.8,26.05
"51301",1371.27,1580.54,209.26,15.3,1,1.4,14943.81,20.6,174.3
"51331",1456.21,1613.39,157.18,10.8,0.5,1.2,22568.97,3.5,47.95
"51334",1427.62,1566.08,138.46,9.7,0.9,4.6,11611.1,3.8,23.56
"51338",1451.47,1631.65,180.19,12.4,1,0.5,15061.55,13.5,102.97
"51342",1462.8,1531.92,69.12,4.7,0.8,3.1,12574.13,6.2,50.3
"51346",1409.5,1634.81,225.31,16,0.5,3.7,12578.57,14.5,100.67
"51347",1464.03,1680.4,216.37,14.8,0.2,1.7,3939.05,4.5,14.07
"51351",1629.22,1854.73,225.51,13.8,1,1.5,11612.32,5.5,32.84
"51355",2384.82,2505.92,121.1,5.1,0.5,1.1,14440.22,6.3,35.87
"51357",1539.89,1918.9,379.01,24.6,2.6,2.6,12629.15,8.6,56.87
"51358",1336.91,1444.41,107.5,8,1.1,1.4,11567.84,18.7,155.11
"51360",1707.05,1929.32,222.27,13,0.5,1.9,14225.19,5.8,42.59
"51401",1407.06,1646.05,239,17,0.6,1,11774.33,3.5,24.3
"51436",1557.81,1854.77,296.96,19.1,0.3,0.6,143678.86,3.9,205.6
"51442",1383.17,1583.91,200.75,14.5,0.9,2.3,12149.06,6.5,50.02
"51443",1458.13,1728.46,270.33,18.5,1,1.3,17752.64,9.7,73.17
"51445",1500.46,1660,159.54,10.6,1.6,0.8,10531.18,7.5,49.7
"51449",1365.93,1475.03,109.1,8,0.2,2.5,17201.83,4.4,41.74
"51450",1510.26,1622.78,112.52,7.5,0.4,1.5,10266.15,3.2,26.74
"51454",1490.58,1776.24,285.66,19.2,1,1.7,18436.93,4.9,51.96
"51455",1311.55,1597.12,285.57,21.8,0.6,2.7,20880.94,3.6,40.96
"51461",1397.18,1664.57,267.38,19.1,2.1,0.9,7893.67,3.6,24.11
"51462",1615.22,1910.21,294.99,18.3,0.9,2.4,15614.89,6.1,53
"51466",1554.56,1726.01,171.45,11,1.6,0.6,2950.57,2.6,5.61
"51501",1378.94,1582.13,203.19,14.7,2,2.1,12846.54,7.9,62.44
"51503",1655.99,1928.62,272.63,16.5,1.7,1,16426,5,41.45
"51510",1550.26,1734.33,184.07,11.9,1.1,3.1,18444.73,6.1,48.44
"51521",1448,1676.66,228.66,15.8,1.1,0.9,12787.9,10,79.54
"51525",1646.14,1983.6,337.45,20.5,1.7,2.2,16712.61,12.5,117.42
"51526",1939.08,2148.15,209.07,10.8,2,1.6,28927.43,2.3,29.22
"51529",1616.34,1884.75,268.41,16.6,0.9,2,14487.65,3.8,41.19
"51530",1499.61,1832.85,333.24,22.2,1.4,1.2,34366.64,3,64.79
"51533",1771.43,2212.33,440.9,24.9,1.6,3,17112.01,7.3,59.33
"51534",1763.67,1987.2,223.53,12.7,1.3,0.9,22050.71,6.4,63.32
"51535",1487.66,1712.16,224.51,15.1,3,1.8,12130.68,6.9,52.68
"51537",1345.25,1556.68,211.43,15.7,1.1,1.8,18176.7,4.6,41.46
"51542",2272.49,2342.61,70.12,3.1,0.6,1.1,38878.47,2.9,41.3
"51546",1794.19,2062.28,268.09,14.9,2.1,1.8,14833.36,4.9,37.38
"51548",1875.49,2200.62,325.13,17.3,2,0.6,67104.38,4.7,103.35
"51551",1880.81,2061.71,180.9,9.6,1.4,1,13209.53,5.7,37.15
"51553",1535.6,1652.79,117.2,7.6,2.5,0.8,11240.21,4.5,30.09
"51555",1713.17,2027.61,314.44,18.4,1.8,1.3,15018.15,3.9,27.72
"51556",1342.38,1602.06,259.68,19.3,0.6,1.2,8974.79,4.4,30.78
"51557",1777.28,1964.41,187.12,10.5,1.4,1.9,15030.57,7.7,54.43
"51559",1640.71,1874.51,233.8,14.2,2.8,1.7,17016.47,7.1,58.81
"51560",1669.76,1751.36,81.6,4.9,0.9,1.2,16062.87,15,136.39
"51561",1934.07,2388.49,454.42,23.5,1.9,2.2,13418.55,7.7,47.08
"51563",1642.76,1933.84,291.08,17.7,2.1,2,29908.53,5.6,75.64
"51566",1557.24,1722.29,165.05,10.6,1.1,1.9,12052.24,8.6,59.04
"51570",1510.69,1918.97,408.28,27,1.3,1.7,32350.32,6.8,116.17
"51571",2225.81,2180.81,-45.01,-2,1.5,2.8,12438.17,8.8,66.93
"51573",1554.48,1671.71,117.23,7.5,1.3,0.8,11994.94,6.4,41.31
"51575",1879.03,2212.97,333.94,17.8,2.1,1,16464.96,3.8,28.18
"51576",1766.2,2009.33,243.13,13.8,1.7,1.2,17154.66,6.2,59.62
"51577",1510.36,1728.12,217.76,14.4,1.3,1.4,7862.17,16.6,115.25
"51579",1632.88,1857.31,224.43,13.7,0.6,3.2,14925.9,14.1,120.63
"51601",1373.33,1647.9,274.57,20,1.4,1.7,12223.26,6.2,44.26
"51632",1599.51,1747.41,147.9,9.2,1.1,1.3,28111.36,3.8,54.36
"51638",1538.52,1807.88,269.36,17.5,0.6,2.8,31002.12,6.5,53.69
"51639",1671.69,1701.71,30.03,1.8,1.2,3.3,39809.81,4.6,96.59
"51640",1606.07,1836.93,230.86,14.4,0.8,4.7,7361.27,6.1,29.72
"51646",1519.72,1599.17,79.45,5.2,1.4,0.9,4468.2,14.4,122.44
"51652",1608.22,1814,205.78,12.8,1.7,1.3,8218.31,7.4,36.16
"51653",1851.61,2099.63,248.02,13.4,1.3,2.5,14240.92,10.3,65.75
"52001",1225.72,1372.86,147.14,12,1.7,1.6,11687.23,2.3,17.76
"52002",1262.3,1413.03,150.73,11.9,1.6,1.2,12680.67,2.1,17.54
"52003",1468.82,1604.18,135.36,9.2,1.2,1.3,15893.92,2.6,24.52
"52031",1417.06,1559.29,142.23,10,0.5,1.7,12296.14,2.4,17.34
"52032",1250.63,1339.87,89.23,7.1,0.9,1.3,10675.58,3.8,25.34
"52033",1373.67,1596.09,222.43,16.2,0.9,0.9,14892.39,2,33.9
"52037",1565.47,1567.19,1.72,0.1,0.5,0.7,11672.27,7.9,68.28
"52039",1623.14,1775.73,152.59,9.4,1.6,1.7,10782.82,3.3,22.25
"52040",1297.19,1372.89,75.7,5.8,1,0.8,14482.94,2.1,19.35
"52041",1409.7,1489.69,79.98,5.7,0.5,1.2,12838.21,3.1,27.79
"52042",1431.18,1402.04,-29.13,-2,1.3,0.9,7058.58,4.1,21.28
"52043",1243.22,1484.96,241.74,19.4,0.4,1.5,14350.2,2.8,25.42
"52045",1330.06,1446.23,116.18,8.7,0.9,0.7,8471.95,2.3,12.58
"52046",1421.96,1449.63,27.67,1.9,1.8,0.8,10657.84,3.2,21.35
"52049",1238.83,1403.52,164.69,13.3,1.4,1,7015.32,0.9,5.5
"52052",1317.29,1429.71,112.41,8.5,0.8,1.6,8474.64,2.8,14.65
"52053",1364.7,1382.12,17.42,1.3,1.6,0.4,9642.13,2,12.68
"52054",1367.39,1437.52,70.13,5.1,0.7,1.3,25754.65,5.7,69.32
"52057",1329.43,1468.58,139.14,10.5,1.4,1.1,14336.52,3.3,33.46
"52060",1404.56,1523.98,119.42,8.5,0.8,1.7,12387.83,3.6,29.19
"52064",1456.49,1551.19,94.7,6.5,1.4,2.5,10809.24,6.3,37.96
"52065",1275.26,1351.61,76.35,6,1.7,0.6,6864.8,2.2,10.71
"52068",1464.89,1660.56,195.67,13.4,1.4,0.9,12247.71,3.4,22.63
"52069",1334.59,1579.61,245.03,18.4,0.5,1.5,21105.05,3.5,55.73
"52070",1380.58,1446.73,66.15,4.8,0.3,1.7,11477.88,4.1,32.14
"52073",1499.7,1688.72,189.02,12.6,1,2.1,23393.74,1.5,23.46
"52076",1331.53,1745.21,413.68,31.1,1,2.3,14770.65,2.4,22.38
"52079",1490.96,1748.77,257.8,17.3,1,2.8,12827.25,3.8,19.47
"52101",1381.3,1504.96,123.67,9,1.1,0.6,14293.5,3.2,29.52
"52132",1417.71,1620.74,203.03,14.3,2.1,0.7,24502.63,5.5,68.14
"52135",1396.13,1397.49,1.36,0.1,0.8,4.1,29412.55,1.6,43.04
"52136",1348.66,1449.33,100.67,7.5,2,1,28284.67,2.9,42.91
"52141",1357.08,1487.9,130.82,9.6,1.1,2.2,17920.15,2.1,41.92
"52142",1434.34,1477.56,43.22,3,0.2,0.7,8530.76,1.3,6.9
"52144",1572.88,1596.58,23.7,1.5,2.3,0.8,26397.77,4.6,132.07
"52146",1252.35,1314.89,62.54,5,0.7,1.1,13565.01,10.7,102.85
"52151",1306.53,1396.76,90.22,6.9,1.5,1.7,10569.21,2.7,20.85
"52154",1463.94,1595.29,131.34,9,0.3,0.7,10796.28,4,27.73
"52155",1417.06,1508.1,91.04,6.4,3.3,2.1,16070.03,3.3,38.71
"52157",1310.34,1532.65,222.32,17,0.5,2,10810.95,3,21.59
"52158",1192.16,1319.49,127.33,10.7,0.5,2.7,1632.99,1.3,2.6
"52159",1300.31,1599.73,299.43,23,1.1,2.8,10133.59,2.4,20.53
"52160",1177.31,1376.99,199.68,17,3.7,1.7,5568.12,0.9,10.96
"52161",1423.13,1619.3,196.17,13.8,0.8,0.6,12347.03,9.5,101.52
"52162",1355.66,1443.2,87.55,6.5,0.5,1,23344.17,3.3,50.32
"52165",1467.76,1574.4,106.64,7.3,0.5,0.7,8203.31,5.2,30.25
"52172",1185.45,1248.01,62.56,5.3,1.1,1.6,25872.07,1.9,34.52
"52175",1374.7,1427.85,53.15,3.9,0.9,0.8,11087.79,4.2,27.59
"52201",1590.21,1784.74,194.53,12.2,2.2,2.2,16084.16,3.4,40.13
"52202",1313.36,1509.69,196.34,14.9,0.8,1.5,20413.67,18.7,221.43
"52203",1487.1,1624.98,137.88,9.3,0.3,0.7,13026.93,11,117.05
"52205",1485.82,1547.35,61.53,4.1,1,1.3,16190.47,7.7,71.17
"52206",1413.02,1603.61,190.59,13.5,0.9,1,16085.56,27.7,322.2
"52208",1398.46,1491.72,93.25,6.7,1.3,2.3,10928.78,18.3,137.18
"52209",1415.87,1518.49,102.61,7.2,2,0.3,15612.69,14.6,172.71
"52211",1420.44,1499.24,78.8,5.5,0.7,2.2,24624.27,6.3,86.59
"52213",1391.55,1599.16,207.61,14.9,0.9,1.2,13968.54,6.3,50.46
"52214",1409.83,1525.26,115.43,8.2,1,1,12726.09,4.7,40.15
"52215",1888.31,1770.99,-117.31,-6.2,0.4,3.5,37233.66,19.2,172.04
"52216",1387.39,1526.68,139.29,10,2.9,1.2,20712.32,21.4,274.34
"52218",1433.03,1597.73,164.7,11.5,0.9,0.9,11104.24,8.3,65.14
"52223",1355.86,1494.52,138.66,10.2,0.9,1.7,9903.81,3.2,20.72
"52224",1415.98,1733.49,317.52,22.4,2.7,1,27750.42,8.2,112.25
"52227",1367.77,1609.27,241.5,17.7,1.3,0.9,13261.21,13,106.68
"52228",1352.11,1495.32,143.21,10.6,0.6,1,17815.85,28.8,334.43
"52229",1432.49,1616.72,184.23,12.9,0.3,2.4,6481.37,8.4,41.98
"52233",1201.96,1340.73,138.78,11.5,1,1.7,12835.09,32.6,311.61
"52235",1300.44,1304.21,3.77,0.3,1.1,0.5,38002.49,2.8,112.63
"52236",1824.47,1970.41,145.94,8,1,2.8,32025.88,11.6,172.46
"52237",1415.13,1462.56,47.43,3.4,1,2.2,12633.25,3.2,27.29
"52240",1369.59,1527.5,157.91,11.5,1.1,1.5,14850.8,6.2,55.71
"52241",1440.44,1597.27,156.83,10.9,1,1.3,14955.6,9.5,87.46
"52245",1332.64,1503.75,171.11,12.8,1.1,1.1,13034.42,5.4,44.49
"52246",1465.05,1616.28,151.23,10.3,1.3,1.5,14318.47,9.5,89.85
"52247",1415.95,1464.3,48.35,3.4,1.5,1.1,11625.32,3.2,22.39
"52248",1362.17,1615.79,253.62,18.6,3.2,1.6,10743.17,3,19.7
"52249",1466.93,1508.23,41.3,2.8,0.8,1.4,37125.66,23.3,396.38
"52253",1371.29,1519.91,148.61,10.8,0.9,0.8,12145.46,15.3,112.8
"52254",1488.31,1421.94,-66.37,-4.5,1.1,0.8,11517.73,6.1,34.71
"52255",1283.13,1402.54,119.41,9.3,0.5,1,18809.58,15.9,196.17
"52301",1439.35,1511.81,72.47,5,1.2,1.8,10124.2,6.7,38.58
"52302",1272.71,1415.08,142.37,11.2,1.2,1.4,17900.29,32,337.94
"52305",1445.07,1567.22,122.16,8.5,1.9,2.1,19843.33,23.7,302.63
"52306",1331.88,1453.94,122.06,9.2,0.6,2.3,20420.39,11.9,188.86
"52310",1338.19,1405.04,66.85,5,0.5,2.2,19471.32,3.3,49.14
"52314",1590.37,1621.46,31.09,2,1.1,0.9,15753.62,19.5,167.2
"52315",1315.57,1457.12,141.55,10.8,0.9,1.2,25983.87,25.1,472.39
"52316",1484.51,1506.34,21.82,1.5,0.8,1.6,10671.43,3.1,19.85
"52317",1367.41,1523.96,156.54,11.4,1.1,1.2,13737.47,14.8,141.77
"52318",1444.48,1559.02,114.54,7.9,0.4,1.1,21941.18,22.8,285.85
"52320",1409.7,1517.12,107.42,7.6,1.8,5,11444.62,17.1,140.48
"52322",1500.15,1724.48,224.33,15,0.6,1,43989.38,6.6,87.47
"52323",1375,1416.01,41.02,3,0.7,3.3,6274.12,5.8,24.42
"52324",1429.73,1605.9,176.17,12.3,0.7,1.2,27907.9,25.7,470.97
"52325",1875.75,1893.32,17.57,0.9,0.8,1.9,13866.36,8.1,47.09
"52326",1366.74,1587.5,220.76,16.2,1.1,2.8,7639.33,2.6,10.47
"52327",1543.84,1734.55,190.71,12.4,1,0.9,25678.14,3.5,50.03
"52328",1518.32,1689.93,171.62,11.3,0.7,0.6,19563.33,22,229.13
"52329",1448.63,1637.5,188.87,13,3,2.1,9439.55,3.3,38.1
"52330",1550.26,1593.67,43.42,2.8,0.7,0.5,5136.94,4.6,12.49
"52332",1513.42,1647.17,133.75,8.8,1.2,1.8,30399.15,27.4,545.86
"52333",1620.99,1874.03,253.04,15.6,0.4,0.9,20649.93,9.8,88.7
"52336",1403.45,1731.86,328.41,23.4,0.8,1.9,15127.69,24.8,228.74
"52337",1269.32,1398.65,129.34,10.2,1.5,1.1,12450.68,19,184.01
"52338",1790.2,1974.12,183.92,10.3,0.9,1,38211.03,14.7,168.63
"52339",1283.03,1482.64,199.61,15.6,1.4,4.2,17313.61,18.7,247.55
"52340",1251.31,1398.61,147.3,11.8,0.7,0.9,10932.48,7.2,53.63
"52341",1606.42,1798.53,192.11,12,0.5,1.2,19587.19,26,334.16
"52342",1282.63,1432.95,150.32,11.7,0.5,3.8,17734.48,17.8,263.19
"52345",1348.5,1467.71,119.22,8.8,0.8,1.3,21715.24,3.7,46.86
"52346",1510.31,1707.02,196.71,13,1,1.1,27410.39,26.1,589.22
"52347",1236.24,1291.2,54.96,4.4,0.2,1.8,11728.15,4.5,30.21
"52349",1348.3,1495.97,147.67,11,0.7,1.1,20758.92,5.3,92.79
"52351",1602.37,1616.19,13.82,0.9,1.2,1.3,21914.9,28.2,341.91
"52352",1449.89,1622.32,172.43,11.9,0.5,1.3,12225.61,12.3,121.21
"52353",1367.11,1446.52,79.4,5.8,0.8,1.7,17041.27,2.8,29.6
"52356",1462.86,1587.61,124.74,8.5,0.5,2,21786.73,3.1,41.77
"52358",1414.6,1523.74,109.14,7.7,0.6,1.1,11998.7,6.5,52.5
"52361",1565.16,1652.8,87.63,5.6,1.6,1,11703.95,4.6,36.78
"52362",1220.4,1349.58,129.18,10.6,1.3,1.7,6150.54,6.5,33.23
"52401",1091.97,1221.04,129.07,11.8,2.8,2,8462.09,27.1,286.31
"52402",1223.36,1372.12,148.76,12.2,1.4,1.3,16454.76,29.8,335.96
"52403",1474.77,1642.76,167.99,11.4,1.4,1.8,23281.63,28.5,371.48
"52404",1179.24,1324.38,145.14,12.3,1.2,1.8,16196.62,27.3,325.87
"52405",1189.35,1340.58,151.23,12.7,1.4,1.5,17998.21,26.6,346.05
"52411",1685.45,1881.09,195.63,11.6,1.1,0.8,23199.09,29.2,362.28
"52501",1295.68,1519.41,223.73,17.3,1.3,2.7,11560.97,3.3,24.72
"52530",1346.22,1562.29,216.06,16,0.7,2.4,7522.92,3.9,18.03
"52531",1365.79,1564.02,198.23,14.5,0.9,1.7,19264.87,3.9,46.43
"52533",1434.93,1681.02,246.09,17.2,0.6,1.4,11096.42,7.3,61.85
"52535",1388.81,1684.75,295.94,21.3,1.1,1.1,8912.81,2.7,16.26
"52536",1489.87,1677.47,187.59,12.6,1.7,2.9,15311.7,3.6,29.73
"52537",1515.61,1701.37,185.76,12.3,0.8,2.2,12740.52,3.4,25.61
"52540",1448.83,1585,136.18,9.4,0.7,4,28069.52,3.3,63.93
"52544",1342.91,1714.16,371.26,27.6,1.2,3.4,14370.67,8.8,76.57
"52551",1416.3,1535.38,119.08,8.4,0,3,17528.83,9.1,73.23
"52552",1425.58,1535.7,110.12,7.7,1.9,4.4,16406.91,5.3,78.28
"52553",1442.38,1557.64,115.25,8,1.1,2,7601.84,5.3,26.5
"52554",1414.38,1597.03,182.65,12.9,1.2,2,29967.14,4.2,56.87
"52556",1446.11,1604.67,158.56,11,1,2.2,12184.8,2.8,19.71
"52561",1414.81,1598.59,183.78,13,0.2,3.4,22246.4,5.8,50.87
"52563",1374.28,1630.92,256.64,18.7,1.7,1.7,7851.07,3.5,16.42
"52565",1419.88,1617.62,197.74,13.9,0.9,2.9,16175.51,22.3,256.19
"52567",1523.6,1547.21,23.61,1.5,3,2.5,10744.34,4.3,32.7
"52569",1215.73,1343.4,127.67,10.5,0.7,2.2,30402.92,3.1,52.14
"52571",1496.91,1701.43,204.52,13.7,0.9,1.4,22443.4,4,55.09
"52572",1381.13,1566.12,184.99,13.4,2.6,3.3,19126.93,3.3,134.38
"52574",1495.18,1697.61,202.42,13.5,1.4,2.7,12145.99,5.5,42.2
"52577",1404.35,1550.64,146.29,10.4,1,2.2,14590.23,2.8,25.98
"52585",1489.97,1604.53,114.56,7.7,0.4,3.2,38968.75,3.5,77.79
"52590",1248.09,1644.71,396.62,31.8,2.5,3.9,29709.87,1.8,31.42
"52591",1331.6,1447.1,115.5,8.7,1.3,2.1,10883.91,3,22.17
"52601",1306.01,1475.37,169.36,13,1.3,2.6,16512.44,5.9,61.19
"52620",1350.66,1514.63,163.97,12.1,1.2,3.4,6624.89,3.9,17.73
"52621",1568.31,1540.57,-27.75,-1.8,4.9,0.7,9613.16,2,20.63
"52623",1481.94,1549.83,67.89,4.6,1.1,1.9,11596.88,5.7,61.27
"52624",1486.48,1730.84,244.36,16.4,2.4,0.4,8897.23,18.8,128.83
"52625",1444.7,1545.7,101,7,0.5,1.2,10590.84,2.6,16.42
"52626",1450.4,1569.07,118.67,8.2,0,1.4,36862.41,3,103.36
"52627",1347.68,1489.14,141.46,10.5,0.8,3,26839.52,2.7,44.07
"52632",1317.41,1523.02,205.61,15.6,1.4,2.7,17594.49,3.6,36.74
"52637",1397.32,1503.41,106.08,7.6,0.5,1.9,13762.83,3.3,30.32
"52638",1242.65,1432.29,189.63,15.3,1.3,1.3,6749.39,9,63.22
"52639",1334.22,1509.04,174.82,13.1,0.9,2.8,17268.92,4.8,67.35
"52640",1464.9,1591.59,126.69,8.6,0.8,2.4,37673.65,2.4,50.1
"52641",1402.24,1484.79,82.55,5.9,0.9,1.9,13612.28,4.2,35.74
"52645",1305.55,1440.47,134.92,10.3,0.8,2.7,11832.92,4.1,35.17
"52649",1338.65,1541.34,202.69,15.1,2.6,1.7,14866.83,5.1,43.2
"52650",1387.2,1528.24,141.04,10.2,0,0.2,31224.56,2.5,52.62
"52653",1365.67,1418.81,53.15,3.9,0.5,2.1,15218.77,2.4,24.89
"52654",1535.19,1633.64,98.45,6.4,1.6,2,15588.48,2.1,18.52
"52655",1267.45,1362.17,94.72,7.5,0.9,2.4,16991.72,6.1,62.18
"52656",1524.18,1528.87,4.69,0.3,0.5,1.8,10329.93,4.2,35.65
"52658",1597.27,1613.61,16.34,1,0.6,1.7,12079.03,12,95.44
"52659",1573.33,1741.78,168.44,10.7,0.4,4.3,18740.55,3.3,29.48
"52720",1380.23,1413.33,33.1,2.4,1.1,1.3,13057.53,4.9,44.89
"52721",1345.29,1403.22,57.92,4.3,2,0.4,14833.71,22.8,265.93
"52722",1495.81,1648.51,152.7,10.2,1.5,1.2,17440.74,17.8,165.19
"52726",1461.2,1647.68,186.48,12.8,1,1.7,18360.44,7,72.43
"52727",1549.57,1790.48,240.91,15.5,0.7,0.7,6179.28,10,37.74
"52728",1204.67,1344.41,139.74,11.6,0.8,3.3,6961.23,6.1,29.78
"52729",1259.65,1372.36,112.72,8.9,1.2,2.6,24739.55,5.9,75.26
"52730",1193.3,1395.12,201.82,16.9,0.7,2.1,17336.26,6.4,58.94
"52731",1579.75,1645.23,65.47,4.1,0.2,1.1,12707.78,7.8,65.61
"52732",1245.95,1426.02,180.08,14.5,1,2.7,12776.86,10.4,78.38
"52738",1393.63,1513.31,119.68,8.6,1.2,2.5,16175.66,3.4,32.83
"52739",1374.45,1482.7,108.25,7.9,1.9,2,7358.51,5.4,65.16
"52742",1337.37,1482.94,145.57,10.9,0.7,1.2,18123.2,11.3,110.94
"52745",1504.93,1642.82,137.89,9.2,1.6,2.1,29323.6,8.9,142.21
"52746",1387.86,1533.98,146.12,10.5,0.6,2.3,14278.77,6,60.24
"52747",1296.1,1439.86,143.75,11.1,0.9,0.9,13707.12,10.4,91.76
"52748",1428.98,1556.14,127.17,8.9,0.8,1.4,12869.92,6.3,47.71
"52749",1510.8,1553.02,42.22,2.8,1,1.2,12174.18,3.3,24.63
"52750",1434.81,1655.26,220.45,15.4,0,0.7,19201.25,5.1,46.1
"52751",1348.41,1570.56,222.15,16.5,1.5,1.7,19843.97,12.5,101.76
"52753",1500.02,1702.81,202.79,13.5,1.1,1.2,20352.25,7.3,88.71
"52754",1516.19,1692.28,176.1,11.6,0.6,2.2,24141.13,10.1,135.37
"52755",1442.18,1516.03,73.85,5.1,0.7,2.1,26737.11,3.1,50.23
"52756",1534.49,1673.03,138.55,9,0.8,2.2,17781.5,6.7,61.41
"52757",1428.2,1502.35,74.15,5.2,0.9,2,13217.84,10.7,81.07
"52760",1343.56,1607.73,264.17,19.7,0.9,1.8,6820.14,4.2,19.6
"52761",1389.22,1482.45,93.23,6.7,0.7,1.5,16389.48,5.2,53.68
"52766",1401.58,1585.69,184.11,13.1,0.6,1.1,17611.04,3.3,29.47
"52767",1701.2,2240.76,539.56,31.7,1.8,2.9,5602.55,8.1,31.79
"52768",1351.58,1590.24,238.66,17.7,0.9,1.6,11831.74,13.3,100.45
"52769",1531.82,1568.29,36.47,2.4,0.6,4.1,11511.27,8.6,64.42
"52772",1397.01,1481.63,84.62,6.1,0.7,2.1,15613.03,11.3,107.21
"52773",1347.64,1446.97,99.33,7.4,1.2,2,20598.77,12.8,138.95
"52776",1439.24,1526.9,87.66,6.1,1,1.9,11835.8,6.1,42.88
"52777",1380.14,1475.97,95.82,6.9,0.1,2.3,11655.94,16,149.36
"52778",1329.56,1414.91,85.34,6.4,0.4,1.3,13302.45,6.1,47.67
"52802",1221.32,1344.94,123.62,10.1,1.4,2.9,11842.92,7.9,62.73
"52803",1342.55,1469.12,126.57,9.4,1.5,1.7,14575.12,14.4,128.26
"52804",1199.6,1332.88,133.29,11.1,1.3,1.9,12192.83,10.7,80.45
"52806",1188.96,1318.97,130.02,10.9,1.5,1.5,12263.04,19,160.54
"52807",1522.87,1716.03,193.16,12.7,1.6,1.3,18397.45,19.6,193.6
"53801",903.74,1058.12,154.38,17.1,0.6,1.6,28011.44,2.4,67.44
"53806",1042.57,1201.68,159.11,15.3,0.6,2.1,13208.39,1.9,23.67
"53807",1199.8,1459.08,259.28,21.6,0.9,3.1,7845.02,3.4,17.03
"53811",1208.52,1368.98,160.46,13.3,0.9,1.9,7345.75,2,10.02
"53820",1222.86,1347.4,124.54,10.2,0.9,1.9,8881.51,3.4,21.92
"53821",951.26,1076.1,124.84,13.1,0.6,1.8,14628.47,2.2,26.47
"54624",1042.05,1196.51,154.46,14.8,0.2,2,8836.82,2.6,16.27
"54626",1043.36,1217.91,174.55,16.7,0.5,2.6,15730.01,3.8,57.15
"55909",1580.55,1783.05,202.5,12.8,0,1.8,12441.71,15.8,129.35
"55919",1594.67,1841.51,246.84,15.5,0.5,1,7715.56,3.9,24.27
"55922",1414.52,1671.63,257.1,18.2,0.3,5.5,4857.96,1.1,8.03
"55939",1460.11,1647.29,187.18,12.8,0.7,1.3,13762.4,3.3,28.7
"55951",1716.81,1832.02,115.21,6.7,0.9,2.7,11418.78,2.8,15.61
"55953",1638.34,2065.59,427.25,26.1,0.5,2.2,36553.63,12.9,272.65
"55954",1408.8,1574.76,165.96,11.8,0.3,3.3,8235.77,2.6,12.05
"55970",1614.85,1933.21,318.36,19.7,0.2,1,13667.85,8.6,58.86
"55974",1604.48,1746.49,142.01,8.9,0,4.4,14121.04,1.2,7.25
"56014",1346.82,1954.78,607.96,45.1,1.2,3.6,15283.89,6,55.08
"56027",1349.42,1710.07,360.64,26.7,0.3,5.5,6838.51,4.8,16.71
"56029",1491.14,1892.81,401.67,26.9,0.8,3.9,10200.78,14.1,92.55
"56031",1489.84,1766.05,276.21,18.5,0.3,2,8555.03,5.7,27.03
"56036",1607.15,1970.75,363.6,22.6,0.7,2.7,13360.05,10.2,85.89
"56051",1273.85,1708.43,434.58,34.1,0.9,2.8,6772.38,2.7,17.3
"56110",1530.08,1872.12,342.04,22.4,0.3,1.8,21712.18,12.4,100.16
"56121",1442.08,1665.64,223.56,15.5,0.8,2.1,9883.2,10.8,84.07
"56138",1360,1544.17,184.17,13.5,0.3,1.6,10547.53,13.4,95.82
"56143",1457.9,1699.44,241.54,16.6,0.4,2,9674.02,4.8,26.1
"56150",1379.94,1670.8,290.86,21.1,0.6,1.7,18284.67,4.1,41.09
"56187",1465.64,1808.43,342.79,23.4,0.4,1.9,10917.57,4.9,27.98
"57005",1629.53,2022.27,392.74,24.1,1.1,0.9,12925.51,7.8,51.62
"57013",1622.33,1905.59,283.26,17.5,0.8,0.9,12505.09,9,59.69
"57025",1626.66,2000.8,374.13,23,0.9,1,15306.31,3.6,34.38
"57032",1681.33,2031.35,350.01,20.8,1.2,0.6,12483.87,11.7,79.21
"57034",1755.94,2007.75,251.81,14.3,1,0.9,9696.63,4.6,24.05
"57038",2402.01,2593.96,191.95,8,1.2,0.9,13388.29,3.4,18.62
"57049",2401.92,2763.9,361.98,15.1,1.4,1,17594.71,5.8,42.79
"57068",1646,2050.91,404.91,24.6,1.2,0.6,7619.95,9.4,50.59
"57108",1955.61,2365.42,409.81,21,1.2,0.6,15705.76,6.3,40.45
"61025",1252.27,1475.65,223.38,17.8,1,1.7,10026.77,2.8,18.97
"61036",1399.5,1615.94,216.44,15.5,0.5,1,24786.3,2.3,35.03
"61041",1367.63,1523.57,155.94,11.4,1,1.6,13910.61,5.3,37.68
"61074",1078.53,1244.05,165.52,15.3,1,3.4,14129.17,3.6,36.48
"61201",1156.32,1384.46,228.14,19.7,1.2,2.1,12948.93,6.9,60.16
"61230",1169.04,1327.98,158.94,13.6,0.9,1.9,11049.85,7.5,59.19
"61242",1431.63,1652.03,220.4,15.4,1,1.8,28514.19,10.7,116.33
"61244",1061.86,1295.04,233.18,22,1,1.3,11626.73,9.2,76.74
"61252",1090.04,1298.66,208.62,19.1,0.7,2,11878.31,9.1,76.28
"61256",1164.68,1383.52,218.84,18.8,1,1.4,14692.15,9.4,106.12
"61259",1461.18,1788.74,327.56,22.4,0.7,1.3,14913.31,8.6,73.36
"61264",1159.68,1405.83,246.15,21.2,0.6,1.6,13631.3,5.5,50.71
"61265",1133.26,1358.07,224.81,19.8,0.9,1.6,13584.79,7.2,67.74
"61272",1163.67,1392.1,228.44,19.6,1.4,3.1,11597.63,4.8,42.3
"61275",1412.23,1694.16,281.93,20,0.8,1,13681.29,8.4,69.09
"61278",1443.13,1727.81,284.68,19.7,0.4,1.2,9734.18,5.2,32.15
"61285",1122.87,1388.61,265.74,23.7,0.6,1.3,7907.92,4.1,23.07
"61425",1223.25,1335.2,111.95,9.2,0,2.9,11056.38,9.3,92.17
"61437",1206.98,1438.76,231.77,19.2,0.4,3.3,9644.61,3.8,27.93
"61442",1141.03,1244.15,103.12,9,0.4,4.5,21330.28,6.2,121.59
"61454",1262.44,1506.43,243.99,19.3,0.4,2.7,15859.42,5.6,70.52
"61469",1225.61,1310.72,85.11,6.9,0.3,2.2,12598.91,4.4,35.43
"62330",1280.52,1595.3,314.78,24.6,0.9,3,15847.02,4.2,40.97
"62341",1253.95,1519.73,265.78,21.2,1,1.9,10050.26,5,36.95
"62354",1333.97,1482.57,148.6,11.1,0.9,1.5,8501.9,7,37.72
"62358",1361.9,1622.11,260.21,19.1,0.7,3.6,6293.47,3.6,13.28
"62379",1239.69,1613.97,374.28,30.2,0.9,2.6,17204.53,5.8,59.51
"63555",1590.35,1942.64,352.29,22.2,1.4,4.3,16016.08,5.8,70.9
"63565",1732.97,2032.4,299.43,17.3,1,1.8,20331.98,4,32.58
"64482",1606.27,1910.83,304.56,19,1.2,3.4,13277.93,4.8,28.58
"64661",1345,1726.75,381.75,28.4,2,4.2,19151.35,3.4,40.45
"68005",1983.77,2388.23,404.46,20.4,0.9,1.2,11872.15,6.5,31.08
"68008",2567.04,3079.41,512.37,20,1.2,1.5,20636.13,3.1,20.67
"68020",1789.7,2017.34,227.64,12.7,1.5,3.7,21514.92,5,48.3
"68023",2768.29,3274.57,506.28,18.3,1.2,1.4,22210.87,2.6,18.59
"68029",2670.21,2978.12,307.9,11.5,0.6,2.6,54648.83,5.2,80.61
"68030",2233.77,2506.62,272.85,12.2,0.6,1.3,2878.11,2.5,5.57
"68048",2294.18,2674.88,380.71,16.6,1.1,1.5,14530.61,7.3,38.98
"68061",2066.55,2398.01,331.46,16,1.2,2.1,11832.83,10.4,49.03
"68107",1947.78,2220.62,272.84,14,1.4,2.6,13187.98,21.2,127.79
"68108",2089.47,2334.36,244.89,11.7,1.4,2.8,14618.88,14.1,88.39
"68110",2203.19,2396.02,192.83,8.8,2.2,3.8,16285.62,6.7,43.31
"68112",2276.14,2667.3,391.17,17.2,1.1,2,16697.05,6.2,35.83
"68123",2141.55,2592.39,450.84,21.1,1.1,0.8,15233.92,7,40.2
"68410",1893.19,2227.94,334.75,17.7,1,1.4,10670.74,4.8,23.38
"68455",2086.17,2405.13,318.96,15.3,0.4,1.6,17940.28,11.8,78.04
"68731",1994.81,2434.97,440.15,22.1,1.3,1.8,7664.16,4.1,13.51
"68776",1919.23,2238.95,319.72,16.7,1.5,2.1,17212.21,5.6,39.51
