geoid,tract_name,county,state,variable,med_rent,moe,cty_med_rent,pct_med_rent,month_date,month_filings,month_rate,month_rate_scale_max,month_diff,pct_white,pct_black,pct_latinx
55079007000,Census Tract 70,Milwaukee County,Wisconsin,B25064_001,859,41,873.5,98.3,01/11/2022,80,0.0842105263157895,0.202806690149059,0.777351247600768,0.0905263157894737,0.845263157894737,0.0389473684210526
55079003300,Census Tract 33,Milwaukee County,Wisconsin,B25064_001,814,42,873.5,93.2,01/11/2022,122,0.129649309245484,0.202806690149059,0.931818181818182,0.0903294367693942,0.804463336875664,0.0329436769394261
55079006100,Census Tract 61,Milwaukee County,Wisconsin,B25064_001,920,84,873.5,105.3,01/11/2022,60,0.14018691588785,0.202806690149059,0.840220385674931,0.088785046728972,0.773364485981308,0.0864485981308411
55079006400,Census Tract 64,Milwaukee County,Wisconsin,B25064_001,789,63,873.5,90.3,01/11/2022,65,0.1625,0.202806690149059,0.632183908045977,0.065,0.935,0
55079014800,Census Tract 148,Milwaukee County,Wisconsin,B25064_001,707,53,873.5,80.9,01/11/2022,105,0.1278928136419,0.202806690149059,1.19638826185102,0.362971985383678,0.421437271619976,0.0779537149817296
55079186400,Census Tract 1864,Milwaukee County,Wisconsin,B25064_001,754,165,873.5,86.3,01/11/2022,5,0.0171821305841924,0.202806690149059,2,0.577319587628866,0.22680412371134,0.154639175257732
55079000201,Census Tract 2.01,Milwaukee County,Wisconsin,B25064_001,904,63,873.5,103.5,01/11/2022,346,0.221652786675208,0.202806690149059,1.3672182821119,0.208840486867393,0.596412556053812,0.180653427290199
55079185600,Census Tract 1856,Milwaukee County,Wisconsin,B25064_001,689,75,873.5,78.9,01/11/2022,54,0.106299212598425,0.202806690149059,0.867507886435331,0.102362204724409,0.864173228346457,0.0334645669291339
55079013700,Census Tract 137,Milwaukee County,Wisconsin,B25064_001,683,34,873.5,78.2,01/11/2022,109,0.169254658385093,0.202806690149059,1.18534482758621,0.107142857142857,0.75776397515528,0.0559006211180124
55079035100,Census Tract 351,Milwaukee County,Wisconsin,B25064_001,1875,270,873.5,214.7,01/11/2022,0,0,0.202806690149059,0.833333333333333,1,0,0
55079091100,Census Tract 911,Milwaukee County,Wisconsin,B25064_001,1105,71,873.5,126.5,01/11/2022,4,0.0168067226890756,0.202806690149059,0.806451612903226,0.840336134453782,0.100840336134454,0.0588235294117647
55079080300,Census Tract 803,Milwaukee County,Wisconsin,B25064_001,1022,276,873.5,117,01/11/2022,1,0.00387596899224806,0.202806690149059,1.11111111111111,0.945736434108527,0,0.0271317829457364
55079021500,Census Tract 215,Milwaukee County,Wisconsin,B25064_001,950,258,873.5,108.8,01/11/2022,3,0.0225563909774436,0.202806690149059,1.11111111111111,0.842105263157895,0.157894736842105,0
55079005000,Census Tract 50,Milwaukee County,Wisconsin,B25064_001,885,44,873.5,101.3,01/11/2022,77,0.0663793103448276,0.202806690149059,1.10169491525424,0.0853448275862069,0.899137931034483,0
55079005400,Census Tract 54,Milwaukee County,Wisconsin,B25064_001,879,83,873.5,100.6,01/11/2022,549,0.839449541284404,0.202806690149059,19.6428571428571,0.58256880733945,0.359327217125382,0.0519877675840979
55079013500,Census Tract 135,Milwaukee County,Wisconsin,B25064_001,604,34,873.5,69.1,01/11/2022,219,0.227414330218069,0.202806690149059,1.06075216972035,0.137071651090343,0.739356178608515,0.0778816199376947
55079005500,Census Tract 55,Milwaukee County,Wisconsin,B25064_001,912,116,873.5,104.4,01/11/2022,11,0.0332326283987915,0.202806690149059,1.09090909090909,0.335347432024169,0.589123867069486,0.0211480362537764
55079021400,Census Tract 214,Milwaukee County,Wisconsin,B25064_001,810,37,873.5,92.7,01/11/2022,72,0.0701071080817916,0.202806690149059,1.56652360515021,0.407984420642649,0.156767283349562,0.359298928919182
55079187200,Census Tract 1872,Milwaukee County,Wisconsin,B25064_001,1094,95,873.5,125.2,01/11/2022,5,0.0277777777777778,0.202806690149059,0.769230769230769,0.777777777777778,0,0.222222222222222
55079009600,Census Tract 96,Milwaukee County,Wisconsin,B25064_001,795,44,873.5,91,01/11/2022,50,0.103950103950104,0.202806690149059,0.467032967032967,0.0582120582120582,0.748440748440749,0.0831600831600832
55079008700,Census Tract 87,Milwaukee County,Wisconsin,B25064_001,814,220,873.5,93.2,01/11/2022,35,0.130111524163569,0.202806690149059,0.481283422459893,0,1,0
55079140100,Census Tract 1401,Milwaukee County,Wisconsin,B25064_001,1302,99,873.5,149.1,01/11/2022,1,0.00236406619385343,0.202806690149059,1.25,0.929078014184397,0,0
55079002900,Census Tract 29,Milwaukee County,Wisconsin,B25064_001,999,79,873.5,114.4,01/11/2022,58,0.121085594989562,0.202806690149059,1.02430555555556,0.0501043841336117,0.713987473903967,0.162839248434238
55079090200,Census Tract 902,Milwaukee County,Wisconsin,B25064_001,1172,149,873.5,134.2,01/11/2022,6,0.08,0.202806690149059,4.375,0.493333333333333,0.333333333333333,0.0933333333333333
55079020100,Census Tract 201,Milwaukee County,Wisconsin,B25064_001,785,18,873.5,89.9,01/11/2022,8,0.00892857142857143,0.202806690149059,0.343511450381679,0.401785714285714,0.128348214285714,0.427455357142857
55079150303,Census Tract 1503.03,Milwaukee County,Wisconsin,B25064_001,1183,110,873.5,135.4,01/11/2022,1,0.00209205020920502,0.202806690149059,0.625,0.96652719665272,0,0.0334728033472803
55079018600,Census Tract 186,Milwaukee County,Wisconsin,B25064_001,796,48,873.5,91.1,01/11/2022,21,0.0458515283842795,0.202806690149059,0.472103004291846,0.198689956331878,0.0851528384279476,0.58296943231441
55079001500,Census Tract 15,Milwaukee County,Wisconsin,B25064_001,829,74,873.5,94.9,01/11/2022,176,0.303448275862069,0.202806690149059,1.15535248041775,0.113793103448276,0.739655172413793,0.0689655172413793
55079185900,Census Tract 1859,Milwaukee County,Wisconsin,B25064_001,770,38,873.5,88.2,01/11/2022,17,0.146551724137931,0.202806690149059,0.957446808510638,0,0.887931034482759,0.0775862068965517
55079012900,Census Tract 129,Milwaukee County,Wisconsin,B25064_001,863,62,873.5,98.8,01/11/2022,20,0.036101083032491,0.202806690149059,1.19318181818182,0.671480144404332,0.075812274368231,0.169675090252708
55079100100,Census Tract 1001,Milwaukee County,Wisconsin,B25064_001,925,31,873.5,105.9,01/11/2022,26,0.0327868852459016,0.202806690149059,0.767045454545455,0.581336696090794,0.114754098360656,0.240857503152585
55079170300,Census Tract 1703,Milwaukee County,Wisconsin,B25064_001,770,55,873.5,88.2,01/11/2022,4,0.0103626943005181,0.202806690149059,0.217391304347826,0.792746113989637,0.0621761658031088,0.0803108808290156
55079170500,Census Tract 1705,Milwaukee County,Wisconsin,B25064_001,801,148,873.5,91.7,01/11/2022,9,0.0184049079754601,0.202806690149059,0.666666666666667,0.850715746421268,0.0265848670756646,0.0858895705521472
55079016200,Census Tract 162,Milwaukee County,Wisconsin,B25064_001,827,83,873.5,94.7,01/11/2022,28,0.0472972972972973,0.202806690149059,0.70048309178744,0.238175675675676,0.0371621621621622,0.660472972972973
55079001900,Census Tract 19,Milwaukee County,Wisconsin,B25064_001,921,172,873.5,105.4,01/11/2022,73,0.111620795107034,0.202806690149059,1.20915032679739,0.0779816513761468,0.885321100917431,0
55079120102,Census Tract 1201.02,Milwaukee County,Wisconsin,B25064_001,1278,80,873.5,146.3,01/11/2022,7,0.011326860841424,0.202806690149059,1.9047619047619,0.933656957928802,0.0194174757281553,0.0469255663430421
55079007900,Census Tract 79,Milwaukee County,Wisconsin,B25064_001,861,48,873.5,98.6,01/11/2022,8,0.012779552715655,0.202806690149059,0.737704918032787,0.824281150159744,0.0543130990415336,0.0926517571884984
55079020500,Census Tract 205,Milwaukee County,Wisconsin,B25064_001,834,42,873.5,95.5,01/11/2022,9,0.01931330472103,0.202806690149059,0.454545454545455,0.332618025751073,0,0.641630901287554
55079060102,Census Tract 601.02,Milwaukee County,Wisconsin,B25064_001,780,310,873.5,89.3,01/11/2022,4,0.0272108843537415,0.202806690149059,1.08695652173913,0.476190476190476,0.523809523809524,0.054421768707483
55079001300,Census Tract 13,Milwaukee County,Wisconsin,B25064_001,916,52,873.5,104.9,01/11/2022,111,0.151639344262295,0.202806690149059,0.89171974522293,0.110655737704918,0.80327868852459,0.0177595628415301
55079009700,Census Tract 97,Milwaukee County,Wisconsin,B25064_001,834,215,873.5,95.5,01/11/2022,39,0.159836065573771,0.202806690149059,0.975609756097561,0,0.487704918032787,0.0655737704918033
55079016800,Census Tract 168,Milwaukee County,Wisconsin,B25064_001,753,30,873.5,86.2,01/11/2022,62,0.096875,0.202806690149059,1.08247422680412,0.046875,0.1765625,0.76875
55079003600,Census Tract 36,Milwaukee County,Wisconsin,B25064_001,949,82,873.5,108.6,01/11/2022,45,0.0974025974025974,0.202806690149059,1.20418848167539,0,0.974025974025974,0.0432900432900433
55079005200,Census Tract 52,Milwaukee County,Wisconsin,B25064_001,771,63,873.5,88.3,01/11/2022,8,0.032258064516129,0.202806690149059,0.642857142857143,0.0725806451612903,0.778225806451613,0.108870967741935
55079017100,Census Tract 171,Milwaukee County,Wisconsin,B25064_001,781,47,873.5,89.4,01/11/2022,6,0.0145278450363196,0.202806690149059,0.729166666666667,0.0968523002421307,0.0435835351089588,0.847457627118644
55079016000,Census Tract 160,Milwaukee County,Wisconsin,B25064_001,775,24,873.5,88.7,01/11/2022,43,0.070840197693575,0.202806690149059,0.977777777777778,0.329489291598023,0.159802306425041,0.42504118616145
55079140201,Census Tract 1402.01,Milwaukee County,Wisconsin,B25064_001,941,67,873.5,107.7,01/11/2022,8,0.0098159509202454,0.202806690149059,0.625,0.932515337423313,0.0208588957055215,0.0196319018404908
55079014300,Census Tract 143,Milwaukee County,Wisconsin,B25064_001,866,31,873.5,99.1,01/11/2022,24,0.0189423835832676,0.202806690149059,2.1551724137931,0.742699289660616,0.058405682715075,0.0860299921073402
55079017300,Census Tract 173,Milwaukee County,Wisconsin,B25064_001,847,118,873.5,97,01/11/2022,33,0.0673469387755102,0.202806690149059,1.2781954887218,0.124489795918367,0.104081632653061,0.726530612244898
55079100200,Census Tract 1002,Milwaukee County,Wisconsin,B25064_001,997,97,873.5,114.1,01/11/2022,61,0.0453194650817236,0.202806690149059,1.5979381443299,0.606983655274889,0.167904903417533,0.140416047548291
55079100500,Census Tract 1005,Milwaukee County,Wisconsin,B25064_001,775,51,873.5,88.7,01/11/2022,32,0.0344456404736276,0.202806690149059,0.846153846153846,0.603875134553283,0.103336921420883,0.186221743810549
55079030100,Census Tract 301,Milwaukee County,Wisconsin,B25064_001,1331,97,873.5,152.4,01/11/2022,4,0.00911161731207289,0.202806690149059,0.78125,0.694760820045558,0.104783599088838,0.0250569476082005
55079101000,Census Tract 1010,Milwaukee County,Wisconsin,B25064_001,988,95,873.5,113.1,01/11/2022,78,0.0548523206751055,0.202806690149059,1.55511811023622,0.676511954992968,0.225035161744023,0.0225035161744023
55079019600,Census Tract 196,Milwaukee County,Wisconsin,B25064_001,731,48,873.5,83.7,01/11/2022,7,0.00858895705521472,0.202806690149059,0.493827160493827,0.787730061349693,0.0392638036809816,0.116564417177914
55079008100,Census Tract 81,Milwaukee County,Wisconsin,B25064_001,652,222,873.5,74.6,01/11/2022,32,0.0874316939890711,0.202806690149059,0.702127659574468,0.153005464480874,0.721311475409836,0.12568306010929
55079006200,Census Tract 62,Milwaukee County,Wisconsin,B25064_001,827,34,873.5,94.7,01/11/2022,93,0.146919431279621,0.202806690149059,0.664780763790665,0,0.985781990521327,0
55079014600,Census Tract 146,Milwaukee County,Wisconsin,B25064_001,671,46,873.5,76.8,01/11/2022,68,0.0806642941874259,0.202806690149059,3.22429906542056,0.412811387900356,0.3570581257414,0.0474495848161329
55079014900,Census Tract 149,Milwaukee County,Wisconsin,B25064_001,631,32,873.5,72.2,01/11/2022,79,0.117037037037037,0.202806690149059,1.25786163522013,0.331851851851852,0.435555555555556,0.179259259259259
55079006900,Census Tract 69,Milwaukee County,Wisconsin,B25064_001,899,43,873.5,102.9,01/11/2022,83,0.143847487001733,0.202806690149059,0.865979381443299,0.0450606585788562,0.831889081455806,0.0502599653379549
55079009800,Census Tract 98,Milwaukee County,Wisconsin,B25064_001,766,118,873.5,87.7,01/11/2022,39,0.107438016528926,0.202806690149059,0.68259385665529,0,0.837465564738292,0.0303030303030303
55079019300,Census Tract 193,Milwaukee County,Wisconsin,B25064_001,1131,161,873.5,129.5,01/11/2022,7,0.0421686746987952,0.202806690149059,1.17647058823529,0.843373493975904,0.0903614457831325,0.0662650602409639
55079001600,Census Tract 16,Milwaukee County,Wisconsin,B25064_001,1008,98,873.5,115.4,01/11/2022,158,0.23201174743025,0.202806690149059,0.926573426573426,0.0734214390602056,0.879588839941263,0.0469897209985316
55079013600,Census Tract 136,Milwaukee County,Wisconsin,B25064_001,613,49,873.5,70.2,01/11/2022,140,0.13738959764475,0.202806690149059,1.14077669902913,0.0932286555446516,0.832188420019627,0.0520117762512267
55079000900,Census Tract 9,Milwaukee County,Wisconsin,B25064_001,865,111,873.5,99,01/11/2022,154,0.188264058679707,0.202806690149059,1.4622641509434,0.0635696821515893,0.775061124694377,0.097799511002445
55079130100,Census Tract 1301,Milwaukee County,Wisconsin,B25064_001,1122,95,873.5,128.4,01/11/2022,27,0.0276639344262295,0.202806690149059,1.57303370786517,0.875,0,0.0399590163934426
55079100600,Census Tract 1006,Milwaukee County,Wisconsin,B25064_001,715,79,873.5,81.9,01/11/2022,4,0.0166666666666667,0.202806690149059,1.31578947368421,0.925,0,0.0208333333333333
55079008600,Census Tract 86,Milwaukee County,Wisconsin,B25064_001,933,62,873.5,106.8,01/11/2022,41,0.170833333333333,0.202806690149059,0.853658536585366,0,1,0
55079130200,Census Tract 1302,Milwaukee County,Wisconsin,B25064_001,1169,99,873.5,133.8,01/11/2022,1,0.00232558139534884,0.202806690149059,0.476190476190476,0.923255813953488,0.0162790697674419,0
55079170600,Census Tract 1706,Milwaukee County,Wisconsin,B25064_001,766,44,873.5,87.7,01/11/2022,29,0.0329545454545455,0.202806690149059,0.828729281767956,0.715909090909091,0.0909090909090909,0.0897727272727273
55079100700,Census Tract 1007,Milwaukee County,Wisconsin,B25064_001,914,390,873.5,104.6,01/11/2022,9,0.0412844036697248,0.202806690149059,1.72413793103448,0.628440366972477,0,0.371559633027523
55079020200,Census Tract 202,Milwaukee County,Wisconsin,B25064_001,893,55,873.5,102.2,01/11/2022,3,0.0104166666666667,0.202806690149059,0.298507462686567,0.302083333333333,0,0.451388888888889
55079180200,Census Tract 1802,Milwaukee County,Wisconsin,B25064_001,841,107,873.5,96.3,01/11/2022,34,0.0374862183020948,0.202806690149059,0.675675675675676,0.736493936052922,0.0694597574421169,0.209481808158765
55079004800,Census Tract 48,Milwaukee County,Wisconsin,B25064_001,802,53,873.5,91.8,01/11/2022,110,0.12514220705347,0.202806690149059,0.92809364548495,0.00910125142207053,0.965870307167236,0.025028441410694
55079007700,Census Tract 77,Milwaukee County,Wisconsin,B25064_001,915,44,873.5,104.8,01/11/2022,25,0.0145011600928074,0.202806690149059,0.962962962962963,0.763921113689095,0.0690255220417633,0.074245939675174
55079101400,Census Tract 1014,Milwaukee County,Wisconsin,B25064_001,789,66,873.5,90.3,01/11/2022,14,0.0152671755725191,0.202806690149059,0.76530612244898,0.682660850599782,0.101417666303162,0.159214830970556
55079005700,Census Tract 57,Milwaukee County,Wisconsin,B25064_001,944,110,873.5,108.1,01/11/2022,22,0.0797101449275362,0.202806690149059,1.4375,0.318840579710145,0.52536231884058,0.148550724637681
55079011400,Census Tract 114,Milwaukee County,Wisconsin,B25064_001,1239,124,873.5,141.8,01/11/2022,19,0.0318257956448911,0.202806690149059,1.61290322580645,0.693467336683417,0.232830820770519,0.0519262981574539
55079012200,Census Tract 122,Milwaukee County,Wisconsin,B25064_001,797,128,873.5,91.2,01/11/2022,47,0.115479115479116,0.202806690149059,0.601503759398496,0.0368550368550369,0.530712530712531,0.027027027027027
55079050101,Census Tract 501.01,Milwaukee County,Wisconsin,B25064_001,855,63,873.5,97.9,01/11/2022,26,0.0893470790378007,0.202806690149059,1.60714285714286,0.288659793814433,0.711340206185567,0
55079012700,Census Tract 127,Milwaukee County,Wisconsin,B25064_001,1146,92,873.5,131.2,01/11/2022,2,0.0108695652173913,0.202806690149059,0.714285714285714,0.902173913043478,0.0434782608695652,0.0760869565217391
55079021100,Census Tract 211,Milwaukee County,Wisconsin,B25064_001,1047,190,873.5,119.9,01/11/2022,2,0.0106382978723404,0.202806690149059,1,0.702127659574468,0,0.297872340425532
55079018400,Census Tract 184,Milwaukee County,Wisconsin,B25064_001,969,79,873.5,110.9,01/11/2022,6,0.0212765957446809,0.202806690149059,1.20689655172414,0.868794326241135,0,0.131205673758865
55079011300,Census Tract 113,Milwaukee County,Wisconsin,B25064_001,1339,177,873.5,153.3,01/11/2022,12,0.00933125972006221,0.202806690149059,2.03125,0.797822706065319,0.114307931570762,0.0349922239502333
55079185400,Census Tract 1854,Milwaukee County,Wisconsin,B25064_001,859,31,873.5,98.3,01/11/2022,38,0.128378378378378,0.202806690149059,0.703971119133574,0,0.939189189189189,0.0168918918918919
55079070300,Census Tract 703,Milwaukee County,Wisconsin,B25064_001,1289,92,873.5,147.6,01/11/2022,17,0.02660406885759,0.202806690149059,6,0.624413145539906,0.153364632237872,0.0485133020344288
55079017900,Census Tract 179,Milwaukee County,Wisconsin,B25064_001,933,51,873.5,106.8,01/11/2022,17,0.0164569215876089,0.202806690149059,1.02272727272727,0.752178121974831,0.0764762826718296,0.0813165537270087
55079160100,Census Tract 1601,Milwaukee County,Wisconsin,B25064_001,1039,92,873.5,118.9,01/11/2022,32,0.0296570898980538,0.202806690149059,2.01219512195122,0.585727525486562,0.072289156626506,0.0750695088044486
55079009200,Census Tract 92,Milwaukee County,Wisconsin,B25064_001,910,59,873.5,104.2,01/11/2022,65,0.154028436018957,0.202806690149059,1.11864406779661,0.270142180094787,0.609004739336493,0.052132701421801
55079000301,Census Tract 3.01,Milwaukee County,Wisconsin,B25064_001,1019,355,873.5,116.7,01/11/2022,1,0.0416666666666667,0.202806690149059,1.66666666666667,1,0,0
55079080200,Census Tract 802,Milwaukee County,Wisconsin,B25064_001,1059,63,873.5,121.2,01/11/2022,13,0.012093023255814,0.202806690149059,7.77777777777778,0.906976744186047,0.0595348837209302,0.0306976744186047
55079009400,Census Tract 94,Milwaukee County,Wisconsin,B25064_001,1010,80,873.5,115.6,01/11/2022,6,0.0153061224489796,0.202806690149059,1.52173913043478,0.510204081632653,0.377551020408163,0.112244897959184
55079015700,Census Tract 157,Milwaukee County,Wisconsin,B25064_001,746,64,873.5,85.4,01/11/2022,49,0.0661268556005398,0.202806690149059,1.13636363636364,0.130904183535762,0.188933873144399,0.661268556005398
55079006000,Census Tract 60,Milwaukee County,Wisconsin,B25064_001,903,42,873.5,103.4,01/11/2022,108,0.155844155844156,0.202806690149059,1.09657947686117,0.0476190476190476,0.883116883116883,0.0606060606060606
55079009000,Census Tract 90,Milwaukee County,Wisconsin,B25064_001,875,48,873.5,100.2,01/11/2022,69,0.126142595978062,0.202806690149059,0.595238095238095,0.0511882998171847,0.906764168190128,0.0109689213893967
55079120201,Census Tract 1202.01,Milwaukee County,Wisconsin,B25064_001,1073,38,873.5,122.8,01/11/2022,18,0.0202702702702703,0.202806690149059,3.51851851851852,0.86036036036036,0.0596846846846847,0.0585585585585586
55079001100,Census Tract 11,Milwaukee County,Wisconsin,B25064_001,832,34,873.5,95.2,01/11/2022,70,0.0888324873096447,0.202806690149059,1.01719197707736,0.0913705583756345,0.83756345177665,0
55079021600,Census Tract 216,Milwaukee County,Wisconsin,B25064_001,851,90,873.5,97.4,01/11/2022,6,0.0144927536231884,0.202806690149059,0.393258426966292,0.507246376811594,0.0144927536231884,0.198067632850242
55079008800,Census Tract 88,Milwaukee County,Wisconsin,B25064_001,797,76,873.5,91.2,01/11/2022,87,0.180497925311203,0.202806690149059,0.744500846023689,0.053941908713693,0.904564315352697,0.0103734439834025
55079011000,Census Tract 110,Milwaukee County,Wisconsin,B25064_001,752,82,873.5,86.1,01/11/2022,60,0.0357142857142857,0.202806690149059,1.36160714285714,0.669047619047619,0.1625,0.0773809523809524
55079011100,Census Tract 111,Milwaukee County,Wisconsin,B25064_001,884,136,873.5,101.2,01/11/2022,13,0.0155875299760192,0.202806690149059,0.777777777777778,0.786570743405276,0.0767386091127098,0.0599520383693046
55079016600,Census Tract 166,Milwaukee County,Wisconsin,B25064_001,779,60,873.5,89.2,01/11/2022,37,0.0738522954091816,0.202806690149059,0.815450643776824,0.249500998003992,0.205588822355289,0.526946107784431
55079186100,Census Tract 1861,Milwaukee County,Wisconsin,B25064_001,500,131,873.5,57.2,01/11/2022,54,0.09,0.202806690149059,0.828313253012048,0.0433333333333333,0.84,0.0266666666666667
55079006600,Census Tract 66,Milwaukee County,Wisconsin,B25064_001,819,54,873.5,93.8,01/11/2022,76,0.157349896480331,0.202806690149059,0.633223684210526,0.0393374741200828,0.87991718426501,0.0393374741200828
55079001800,Census Tract 18,Milwaukee County,Wisconsin,B25064_001,849,111,873.5,97.2,01/11/2022,110,0.186440677966102,0.202806690149059,0.960207612456747,0,0.913559322033898,0.0864406779661017
55079120101,Census Tract 1201.01,Milwaukee County,Wisconsin,B25064_001,1175,102,873.5,134.5,01/11/2022,7,0.00816802800466745,0.202806690149059,0.555555555555556,0.857642940490082,0.0361726954492415,0.0490081680280047
55079019000,Census Tract 190,Milwaukee County,Wisconsin,B25064_001,876,67,873.5,100.3,01/11/2022,27,0.0473684210526316,0.202806690149059,0.927152317880795,0.371929824561404,0.152631578947368,0.403508771929825
55079006800,Census Tract 68,Milwaukee County,Wisconsin,B25064_001,782,68,873.5,89.5,01/11/2022,80,0.128410914927769,0.202806690149059,0.870967741935484,0.0337078651685393,0.956661316211878,0.014446227929374
55079000102,Census Tract 1.02,Milwaukee County,Wisconsin,B25064_001,957,52,873.5,109.6,01/11/2022,180,0.222222222222222,0.202806690149059,1.29470672389127,0.124691358024691,0.793827160493827,0.0814814814814815
55079101600,Census Tract 1016,Milwaukee County,Wisconsin,B25064_001,738,149,873.5,84.5,01/11/2022,12,0.0197693574958814,0.202806690149059,0.52,0.754530477759473,0.0971993410214168,0.128500823723229
55079005600,Census Tract 56,Milwaukee County,Wisconsin,B25064_001,961,44,873.5,110,01/11/2022,3,0.012448132780083,0.202806690149059,1.66666666666667,0.692946058091286,0.120331950207469,0.0788381742738589
55079003200,Census Tract 32,Milwaukee County,Wisconsin,B25064_001,1012,186,873.5,115.9,01/11/2022,33,0.1,0.202806690149059,0.845771144278607,0.0636363636363636,0.766666666666667,0.127272727272727
55079003900,Census Tract 39,Milwaukee County,Wisconsin,B25064_001,884,73,873.5,101.2,01/11/2022,71,0.107738998482549,0.202806690149059,1.05263157894737,0.0682852807283763,0.91350531107739,0
55079016900,Census Tract 169,Milwaukee County,Wisconsin,B25064_001,693,57,873.5,79.3,01/11/2022,55,0.0562372188139059,0.202806690149059,0.777777777777778,0.192229038854806,0.0613496932515337,0.746421267893661
55079017600,Census Tract 176,Milwaukee County,Wisconsin,B25064_001,771,72,873.5,88.3,01/11/2022,43,0.0762411347517731,0.202806690149059,0.711974110032362,0.143617021276596,0.117021276595745,0.725177304964539
55079080100,Census Tract 801,Milwaukee County,Wisconsin,B25064_001,1045,92,873.5,119.6,01/11/2022,6,0.00865800865800866,0.202806690149059,0.277777777777778,0.825396825396825,0.075036075036075,0.038961038961039
55079101500,Census Tract 1015,Milwaukee County,Wisconsin,B25064_001,735,27,873.5,84.1,01/11/2022,15,0.0154639175257732,0.202806690149059,0.49079754601227,0.643298969072165,0.105154639175258,0.188659793814433
55079187000,Census Tract 1870,Milwaukee County,Wisconsin,B25064_001,963,53,873.5,110.2,01/11/2022,43,0.0226793248945148,0.202806690149059,2.22222222222222,0.798523206751055,0.0870253164556962,0.060126582278481
55079185500,Census Tract 1855,Milwaukee County,Wisconsin,B25064_001,709,71,873.5,81.2,01/11/2022,39,0.0776892430278885,0.202806690149059,0.615384615384615,0,0.936254980079681,0.00796812749003984
55079005100,Census Tract 51,Milwaukee County,Wisconsin,B25064_001,759,42,873.5,86.9,01/11/2022,195,0.180722891566265,0.202806690149059,1.66101694915254,0.072289156626506,0.860055607043559,0.0370713623725672
55079012400,Census Tract 124,Milwaukee County,Wisconsin,B25064_001,778,54,873.5,89.1,01/11/2022,14,0.021978021978022,0.202806690149059,0.535714285714286,0.572998430141287,0.271585557299843,0.0753532182103611
55079009500,Census Tract 95,Milwaukee County,Wisconsin,B25064_001,949,32,873.5,108.6,01/11/2022,13,0.0431893687707641,0.202806690149059,1.20689655172414,0.60797342192691,0.209302325581395,0.172757475083056
55079015900,Census Tract 159,Milwaukee County,Wisconsin,B25064_001,760,84,873.5,87,01/11/2022,56,0.0598290598290598,0.202806690149059,0.928338762214984,0.213675213675214,0.282051282051282,0.495726495726496
55079016100,Census Tract 161,Milwaukee County,Wisconsin,B25064_001,820,59,873.5,93.9,01/11/2022,12,0.0230326295585413,0.202806690149059,0.451388888888889,0.126679462571977,0.0882917466410749,0.738963531669866
55079021000,Census Tract 210,Milwaukee County,Wisconsin,B25064_001,894,86,873.5,102.3,01/11/2022,2,0.00956937799043062,0.202806690149059,0.681818181818182,0.77511961722488,0.105263157894737,0.124401913875598
55079003800,Census Tract 38,Milwaukee County,Wisconsin,B25064_001,905,67,873.5,103.6,01/11/2022,45,0.104895104895105,0.202806690149059,1.08490566037736,0.0815850815850816,0.855477855477855,0.0233100233100233
55079005300,Census Tract 53,Milwaukee County,Wisconsin,B25064_001,1036,160,873.5,118.6,01/11/2022,5,0.0144092219020173,0.202806690149059,0.405405405405405,0.328530259365994,0.527377521613833,0
55079170200,Census Tract 1702,Milwaukee County,Wisconsin,B25064_001,858,23,873.5,98.2,01/11/2022,24,0.0310880829015544,0.202806690149059,0.739644970414201,0.669689119170985,0.094559585492228,0.16839378238342
55079180300,Census Tract 1803,Milwaukee County,Wisconsin,B25064_001,811,76,873.5,92.8,01/11/2022,57,0.079608938547486,0.202806690149059,1.24463519313305,0.752793296089386,0.0474860335195531,0.175977653631285
55079140202,Census Tract 1402.02,Milwaukee County,Wisconsin,B25064_001,945,59,873.5,108.2,01/11/2022,3,0.00606060606060606,0.202806690149059,0.4,0.783838383838384,0.123232323232323,0.0646464646464647
55079007800,Census Tract 78,Milwaukee County,Wisconsin,B25064_001,1155,153,873.5,132.2,01/11/2022,17,0.0172764227642276,0.202806690149059,1.03448275862069,0.737804878048781,0.0630081300813008,0.0802845528455285
55079018900,Census Tract 189,Milwaukee County,Wisconsin,B25064_001,966,88,873.5,110.6,01/11/2022,1,0.004,0.202806690149059,0.303030303030303,0.208,0.088,0.684
55079090800,Census Tract 908,Milwaukee County,Wisconsin,B25064_001,839,50,873.5,96.1,01/11/2022,2,0.00873362445414847,0.202806690149059,2.14285714285714,0.812227074235808,0.104803493449782,0
55079006700,Census Tract 67,Milwaukee County,Wisconsin,B25064_001,863,45,873.5,98.8,01/11/2022,34,0.131782945736434,0.202806690149059,0.479452054794521,0,0.930232558139535,0.0155038759689922
55079020900,Census Tract 209,Milwaukee County,Wisconsin,B25064_001,839,36,873.5,96.1,01/11/2022,3,0.0104166666666667,0.202806690149059,0.4,0.732638888888889,0,0.253472222222222
55079007100,Census Tract 71,Milwaukee County,Wisconsin,B25064_001,941,48,873.5,107.7,01/11/2022,10,0.015600624024961,0.202806690149059,0.632183908045977,0.720748829953198,0.132605304212168,0.0889235569422777
55079020400,Census Tract 204,Milwaukee County,Wisconsin,B25064_001,837,43,873.5,95.8,01/11/2022,17,0.0305206463195691,0.202806690149059,1,0.247755834829443,0.0700179533213645,0.662477558348295
55079160204,Census Tract 1602.04,Milwaukee County,Wisconsin,B25064_001,1020,41,873.5,116.8,01/11/2022,31,0.0154613466334165,0.202806690149059,1.30081300813008,0.804488778054863,0.0688279301745636,0.0528678304239402
55079007500,Census Tract 75,Milwaukee County,Wisconsin,B25064_001,1297,261,873.5,148.5,01/11/2022,2,0.00547945205479452,0.202806690149059,0.454545454545455,0.876712328767123,0.0547945205479452,0.0356164383561644
55079020600,Census Tract 206,Milwaukee County,Wisconsin,B25064_001,800,109,873.5,91.6,01/11/2022,4,0.00694444444444444,0.202806690149059,0.462962962962963,0.770833333333333,0,0.180555555555556
55079005800,Census Tract 58,Milwaukee County,Wisconsin,B25064_001,859,44,873.5,98.3,01/11/2022,63,0.0879888268156425,0.202806690149059,1.5311004784689,0.395251396648045,0.569832402234637,0
55079018700,Census Tract 187,Milwaukee County,Wisconsin,B25064_001,815,56,873.5,93.3,01/11/2022,60,0.0858369098712446,0.202806690149059,1.23983739837398,0.254649499284692,0.0701001430615164,0.658082975679542
55079002000,Census Tract 20,Milwaukee County,Wisconsin,B25064_001,817,76,873.5,93.5,01/11/2022,71,0.135238095238095,0.202806690149059,0.944881889763779,0.036190476190476203,0.845714285714286,0.0552380952380952
55079006500,Census Tract 65,Milwaukee County,Wisconsin,B25064_001,874,60,873.5,100.1,01/11/2022,62,0.133620689655172,0.202806690149059,0.550699300699301,0.0107758620689655,0.939655172413793,0.0495689655172414
55079021800,Census Tract 218,Milwaukee County,Wisconsin,B25064_001,851,98,873.5,97.4,01/11/2022,7,0.0163934426229508,0.202806690149059,0.666666666666667,0.604215456674473,0.0608899297423888,0.213114754098361
55079100900,Census Tract 1009,Milwaukee County,Wisconsin,B25064_001,897,28,873.5,102.7,01/11/2022,39,0.0325,0.202806690149059,1.85185185185185,0.6675,0.0775,0.105
55079020800,Census Tract 208,Milwaukee County,Wisconsin,B25064_001,1044,108,873.5,119.5,01/11/2022,4,0.00681431005110733,0.202806690149059,0.961538461538461,0.82282793867121,0,0.155025553662692
55079091000,Census Tract 910,Milwaukee County,Wisconsin,B25064_001,944,67,873.5,108.1,01/11/2022,4,0.00561797752808989,0.202806690149059,0.403225806451613,0.693820224719101,0.23876404494382,0.0294943820224719
55079090600,Census Tract 906,Milwaukee County,Wisconsin,B25064_001,1353,101,873.5,154.9,01/11/2022,6,0.00801068090787717,0.202806690149059,0.972222222222222,0.734312416555407,0.144192256341789,0.0160213618157543
55079000400,Census Tract 4,Milwaukee County,Wisconsin,B25064_001,878,30,873.5,100.5,01/11/2022,87,0.10092807424594,0.202806690149059,1.15485564304462,0.291183294663573,0.661252900232019,0
55079186500,Census Tract 1865,Milwaukee County,Wisconsin,B25064_001,764,69,873.5,87.5,01/11/2022,31,0.0449927431059507,0.202806690149059,1.0126582278481,0.454281567489115,0.11611030478955,0.375907111756168
55079100300,Census Tract 1003,Milwaukee County,Wisconsin,B25064_001,816,70,873.5,93.4,01/11/2022,14,0.0188933873144399,0.202806690149059,0.75,0.82051282051282,0.0148448043184885,0.109311740890688
55079007400,Census Tract 74,Milwaukee County,Wisconsin,B25064_001,1523,314,873.5,174.4,01/11/2022,0,0,0.202806690149059,0.714285714285714,0.863095238095238,0.0833333333333333,0.0238095238095238
55079186800,Census Tract 1868,Milwaukee County,Wisconsin,B25064_001,636,205,873.5,72.8,01/11/2022,98,0.133697135061392,0.202806690149059,1.47761194029851,0.160982264665757,0.465211459754434,0.29331514324693
55079017200,Census Tract 172,Milwaukee County,Wisconsin,B25064_001,842,34,873.5,96.4,01/11/2022,4,0.0112676056338028,0.202806690149059,0.531914893617021,0.0732394366197183,0.0507042253521127,0.808450704225352
55079170700,Census Tract 1707,Milwaukee County,Wisconsin,B25064_001,890,85,873.5,101.9,01/11/2022,9,0.0161579892280072,0.202806690149059,0.384615384615385,0.741472172351885,0.120287253141831,0.138240574506284
55079180100,Census Tract 1801,Milwaukee County,Wisconsin,B25064_001,823,45,873.5,94.2,01/11/2022,8,0.0207253886010363,0.202806690149059,1.5,0.784974093264249,0.0803108808290156,0.0077720207253886
55079019800,Census Tract 198,Milwaukee County,Wisconsin,B25064_001,859,29,873.5,98.3,01/11/2022,29,0.0323660714285714,0.202806690149059,1.6304347826087,0.438616071428571,0.152901785714286,0.246651785714286
55079019900,Census Tract 199,Milwaukee County,Wisconsin,B25064_001,794,52,873.5,90.9,01/11/2022,9,0.0225563909774436,0.202806690149059,1.11111111111111,0.606516290726817,0.12531328320802,0.105263157894737
55079008500,Census Tract 85,Milwaukee County,Wisconsin,B25064_001,943,33,873.5,108,01/11/2022,48,0.13953488372093,0.202806690149059,0.643044619422572,0,0.947674418604651,0.0406976744186047
55079004700,Census Tract 47,Milwaukee County,Wisconsin,B25064_001,797,59,873.5,91.2,01/11/2022,105,0.118778280542986,0.202806690149059,0.830721003134796,0.00791855203619909,0.96606334841629,0
55079101200,Census Tract 1012,Milwaukee County,Wisconsin,B25064_001,1011,218,873.5,115.7,01/11/2022,4,0.00656814449917898,0.202806690149059,1.19047619047619,0.935960591133005,0,0.0640394088669951
55079001200,Census Tract 12,Milwaukee County,Wisconsin,B25064_001,825,52,873.5,94.4,01/11/2022,164,0.201226993865031,0.202806690149059,0.88519313304721,0.0282208588957055,0.839263803680982,0.00613496932515337
55079002600,Census Tract 26,Milwaukee County,Wisconsin,B25064_001,952,83,873.5,109,01/11/2022,78,0.117293233082707,0.202806690149059,0.927230046948357,0.0345864661654135,0.953383458646617,0
55079002700,Census Tract 27,Milwaukee County,Wisconsin,B25064_001,951,121,873.5,108.9,01/11/2022,62,0.134199134199134,0.202806690149059,0.929203539823009,0.108225108225108,0.891774891774892,0
55079019100,Census Tract 191,Milwaukee County,Wisconsin,B25064_001,861,42,873.5,98.6,01/11/2022,28,0.0370860927152318,0.202806690149059,1.25,0.490066225165563,0.101986754966887,0.419867549668874
55079120501,Census Tract 1205.01,Milwaukee County,Wisconsin,B25064_001,914,59,873.5,104.6,01/11/2022,1,0.00236406619385343,0.202806690149059,0.344827586206897,0.524822695035461,0.196217494089835,0.108747044917258
55079002300,Census Tract 23,Milwaukee County,Wisconsin,B25064_001,828,78,873.5,94.8,01/11/2022,98,0.104925053533191,0.202806690149059,1.26598465473146,0.0770877944325482,0.922912205567452,0.0117773019271949
55079003400,Census Tract 34,Milwaukee County,Wisconsin,B25064_001,862,26,873.5,98.7,01/11/2022,135,0.0854971500949968,0.202806690149059,0.984081041968162,0.198860037998733,0.792273590880304,0.0278657378087397
55079150304,Census Tract 1503.04,Milwaukee County,Wisconsin,B25064_001,1124,101,873.5,128.7,01/11/2022,12,0.0134078212290503,0.202806690149059,1.35416666666667,0.823463687150838,0.0189944134078212,0.0290502793296089
55079009100,Census Tract 91,Milwaukee County,Wisconsin,B25064_001,893,138,873.5,102.2,01/11/2022,69,0.120418848167539,0.202806690149059,0.694444444444445,0.00698080279232112,0.863874345549738,0
55079185200,Census Tract 1852,Milwaukee County,Wisconsin,B25064_001,728,54,873.5,83.3,01/11/2022,44,0.0392857142857143,0.202806690149059,1.38036809815951,0.773214285714286,0.104464285714286,0.0857142857142857
55079013300,Census Tract 133,Milwaukee County,Wisconsin,B25064_001,789,34,873.5,90.3,01/11/2022,14,0.0538461538461539,0.202806690149059,0.630252100840336,0.376923076923077,0.561538461538462,0.0423076923076923
55079010600,Census Tract 106,Milwaukee County,Wisconsin,B25064_001,889,138,873.5,101.8,01/11/2022,26,0.087248322147651,0.202806690149059,1.17391304347826,0.214765100671141,0.483221476510067,0.281879194630873
55079003500,Census Tract 35,Milwaukee County,Wisconsin,B25064_001,806,220,873.5,92.3,01/11/2022,58,0.11439842209073,0.202806690149059,1.22916666666667,0.0335305719921105,0.859960552268245,0.0394477317554241
55079060200,Census Tract 602,Milwaukee County,Wisconsin,B25064_001,1114,255,873.5,127.5,01/11/2022,20,0.0226757369614512,0.202806690149059,1.06060606060606,0.511337868480726,0.316326530612245,0.0442176870748299
55079170100,Census Tract 1701,Milwaukee County,Wisconsin,B25064_001,957,127,873.5,109.6,01/11/2022,2,0.0060790273556231,0.202806690149059,0.319148936170213,0.674772036474164,0.027355623100304,0.297872340425532
55079018100,Census Tract 181,Milwaukee County,Wisconsin,B25064_001,1092,49,873.5,125,01/11/2022,1,0.00304878048780488,0.202806690149059,1,0.893292682926829,0.0701219512195122,0.0182926829268293
55079021200,Census Tract 212,Milwaukee County,Wisconsin,B25064_001,760,78,873.5,87,01/11/2022,16,0.0418848167539267,0.202806690149059,1.19718309859155,0.507853403141361,0.0680628272251309,0.303664921465969
55079187300,Census Tract 1873,Milwaukee County,Wisconsin,B25064_001,1346,945,873.5,154.1,01/11/2022,15,0.151515151515152,0.202806690149059,6.66666666666667,1,0,0
55079012800,Census Tract 128,Milwaukee County,Wisconsin,B25064_001,880,90,873.5,100.7,01/11/2022,12,0.0192307692307692,0.202806690149059,1.16071428571429,0.692307692307692,0.163461538461538,0.0128205128205128
55079012300,Census Tract 123,Milwaukee County,Wisconsin,B25064_001,814,103,873.5,93.2,01/11/2022,62,0.153846153846154,0.202806690149059,1.52912621359223,0.143920595533499,0.818858560794045,0.0272952853598015
55079110100,Census Tract 1101,Milwaukee County,Wisconsin,B25064_001,738,27,873.5,84.5,01/11/2022,49,0.0445859872611465,0.202806690149059,1.16279069767442,0.584167424931756,0.261146496815287,0.144676979071884
55079014100,Census Tract 141,Milwaukee County,Wisconsin,B25064_001,596,132,873.5,68.2,01/11/2022,116,0.155704697986577,0.202806690149059,3.36206896551724,0.181208053691275,0.72751677852349,0.0442953020134228
55079091200,Census Tract 912,Milwaukee County,Wisconsin,B25064_001,1136,65,873.5,130.1,01/11/2022,43,0.027831715210356,0.202806690149059,3.01369863013699,0.772168284789644,0.0550161812297735,0.00970873786407767
55079002100,Census Tract 21,Milwaukee County,Wisconsin,B25064_001,782,51,873.5,89.5,01/11/2022,157,0.226878612716763,0.202806690149059,1.26805778491172,0.065028901734104,0.859826589595376,0.0346820809248555
55079010800,Census Tract 108,Milwaukee County,Wisconsin,B25064_001,847,39,873.5,97,01/11/2022,30,0.0238095238095238,0.202806690149059,1.9620253164557,0.781746031746032,0.0880952380952381,0.0714285714285714
55079040100,Census Tract 401,Milwaukee County,Wisconsin,B25064_001,1333,915,873.5,152.6,01/11/2022,0,0,0.202806690149059,0.555555555555556,1,0,0
55079012600,Census Tract 126,Milwaukee County,Wisconsin,B25064_001,819,66,873.5,93.8,01/11/2022,20,0.0428265524625268,0.202806690149059,1.84210526315789,0.839400428265525,0.0792291220556745,0.0513918629550321
55079016400,Census Tract 164,Milwaukee County,Wisconsin,B25064_001,830,44,873.5,95,01/11/2022,58,0.0685579196217494,0.202806690149059,0.63034188034188,0.0472813238770686,0.124113475177305,0.797872340425532
55079016500,Census Tract 165,Milwaukee County,Wisconsin,B25064_001,783,64,873.5,89.6,01/11/2022,28,0.0447284345047923,0.202806690149059,0.70048309178744,0.233226837060703,0.0878594249201278,0.674121405750799
55079001700,Census Tract 17,Milwaukee County,Wisconsin,B25064_001,864,57,873.5,98.9,01/11/2022,183,0.163392857142857,0.202806690149059,1.45800316957211,0.0223214285714286,0.913392857142857,0.0160714285714286
55079004300,Census Tract 43,Milwaukee County,Wisconsin,B25064_001,797,59,873.5,91.2,01/11/2022,156,0.117647058823529,0.202806690149059,0.895096921322691,0.0346907993966818,0.877073906485671,0.0294117647058824
55079019500,Census Tract 195,Milwaukee County,Wisconsin,B25064_001,985,72,873.5,112.8,01/11/2022,4,0.0126582278481013,0.202806690149059,0.471698113207547,0.882911392405063,0,0.060126582278481
55079014400,Census Tract 144,Milwaukee County,Wisconsin,B25064_001,1388,52,873.5,158.9,01/11/2022,6,0.0051413881748072,0.202806690149059,0.364583333333333,0.832047986289632,0.0454155955441303,0.0179948586118252
55079186900,Census Tract 1869,Milwaukee County,Wisconsin,B25064_001,1202,97,873.5,137.6,01/11/2022,15,0.0128205128205128,0.202806690149059,2.75862068965517,0.841025641025641,0.0393162393162393,0.0230769230769231
55079004400,Census Tract 44,Milwaukee County,Wisconsin,B25064_001,821,31,873.5,94,01/11/2022,71,0.0613126079447323,0.202806690149059,0.626086956521739,0.301381692573402,0.600172711571675,0.0734024179620035
55079100800,Census Tract 1008,Milwaukee County,Wisconsin,B25064_001,896,147,873.5,102.6,01/11/2022,1,0.00269541778975741,0.202806690149059,0.416666666666667,0.900269541778976,0.0242587601078167,0.0512129380053908
55079980000,Census Tract 9800,Milwaukee County,Wisconsin,B25064_001,NA,NA,873.5,NA,01/11/2022,32,Inf,0.202806690149059,33,NA,NA,NA
55079101300,Census Tract 1013,Milwaukee County,Wisconsin,B25064_001,864,38,873.5,98.9,01/11/2022,12,0.027027027027027,0.202806690149059,0.65,0.79954954954955,0.119369369369369,0.0630630630630631
55079007300,Census Tract 73,Milwaukee County,Wisconsin,B25064_001,1190,129,873.5,136.2,01/11/2022,18,0.0263157894736842,0.202806690149059,1.79245283018868,0.725146198830409,0.130116959064328,0.0190058479532164
55079010700,Census Tract 107,Milwaukee County,Wisconsin,B25064_001,959,191,873.5,109.8,01/11/2022,12,0.0193548387096774,0.202806690149059,0.783132530120482,0.696774193548387,0.0854838709677419,0.196774193548387
55079120300,Census Tract 1203,Milwaukee County,Wisconsin,B25064_001,1130,278,873.5,129.4,01/11/2022,1,0.00662251655629139,0.202806690149059,0.4,0.589403973509934,0,0.350993377483444
55079000302,Census Tract 3.02,Milwaukee County,Wisconsin,B25064_001,998,63,873.5,114.3,01/11/2022,147,0.232594936708861,0.202806690149059,0.94147582697201,0.0284810126582279,0.89873417721519,0.0395569620253165
55079070100,Census Tract 701,Milwaukee County,Wisconsin,B25064_001,1078,163,873.5,123.4,01/11/2022,1,0.00421940928270042,0.202806690149059,0.256410256410256,0.721518987341772,0.135021097046414,0
55079017000,Census Tract 170,Milwaukee County,Wisconsin,B25064_001,730,56,873.5,83.6,01/11/2022,48,0.0433212996389892,0.202806690149059,0.945945945945946,0.156137184115523,0.201263537906137,0.628158844765343
55079015800,Census Tract 158,Milwaukee County,Wisconsin,B25064_001,690,30,873.5,79,01/11/2022,57,0.0850746268656716,0.202806690149059,0.812324929971989,0.182089552238806,0.198507462686567,0.605970149253731
55079008900,Census Tract 89,Milwaukee County,Wisconsin,B25064_001,886,68,873.5,101.4,01/11/2022,58,0.214022140221402,0.202806690149059,1.00340136054422,0.129151291512915,0.85239852398524,0.018450184501845
55079003000,Census Tract 30,Milwaukee County,Wisconsin,B25064_001,957,105,873.5,109.6,01/11/2022,50,0.0914076782449726,0.202806690149059,0.907473309608541,0.0109689213893967,0.861060329067642,0.115173674588665
55079017400,Census Tract 174,Milwaukee County,Wisconsin,B25064_001,699,36,873.5,80,01/11/2022,40,0.0674536256323777,0.202806690149059,0.699658703071672,0.215851602023609,0.09106239460371,0.642495784148398
55079090900,Census Tract 909,Milwaukee County,Wisconsin,B25064_001,926,74,873.5,106,01/11/2022,9,0.0129496402877698,0.202806690149059,0.892857142857143,0.755395683453237,0.112230215827338,0.0460431654676259
55079014700,Census Tract 147,Milwaukee County,Wisconsin,B25064_001,683,46,873.5,78.2,01/11/2022,7,0.00833333333333333,0.202806690149059,0.476190476190476,0.480952380952381,0.308333333333333,0.0404761904761905
55079017500,Census Tract 175,Milwaukee County,Wisconsin,B25064_001,761,44,873.5,87.1,01/11/2022,61,0.0701956271576525,0.202806690149059,0.794871794871795,0.0736478711162256,0.345224395857307,0.591484464902186
55079101100,Census Tract 1011,Milwaukee County,Wisconsin,B25064_001,750,28,873.5,85.9,01/11/2022,6,0.011605415860735,0.202806690149059,0.564516129032258,0.74468085106383,0.152804642166344,0.0212765957446809
55079013400,Census Tract 134,Milwaukee County,Wisconsin,B25064_001,677,50,873.5,77.5,01/11/2022,88,0.119402985074627,0.202806690149059,0.744147157190636,0.0542740841248304,0.700135685210312,0.0963364993215739
55079004900,Census Tract 49,Milwaukee County,Wisconsin,B25064_001,944,113,873.5,108.1,01/11/2022,77,0.0978398983481576,0.202806690149059,0.797546012269939,0.115628970775095,0.795425667090216,0.0406607369758577
55079000202,Census Tract 2.02,Milwaukee County,Wisconsin,B25064_001,1109,76,873.5,127,01/11/2022,147,0.114754098360656,0.202806690149059,1.0407876230661,0.360655737704918,0.584699453551913,0.0351288056206089
55079000304,Census Tract 3.04,Milwaukee County,Wisconsin,B25064_001,923,256,873.5,105.7,01/11/2022,23,0.121052631578947,0.202806690149059,1.08108108108108,0.289473684210526,0.673684210526316,0.0368421052631579
55079180400,Census Tract 1804,Milwaukee County,Wisconsin,B25064_001,729,64,873.5,83.5,01/11/2022,8,0.018348623853211,0.202806690149059,0.9375,0.793577981651376,0.146788990825688,0.0596330275229358
55079120202,Census Tract 1202.02,Milwaukee County,Wisconsin,B25064_001,758,40,873.5,86.8,01/11/2022,8,0.0127591706539075,0.202806690149059,0.625,0.67304625199362,0.0669856459330144,0.259968102073365
55079019200,Census Tract 192,Milwaukee County,Wisconsin,B25064_001,848,47,873.5,97.1,01/11/2022,35,0.0765864332603939,0.202806690149059,2.76923076923077,0.490153172866521,0.155361050328228,0.282275711159737
55079001000,Census Tract 10,Milwaukee County,Wisconsin,B25064_001,951,63,873.5,108.9,01/11/2022,122,0.139269406392694,0.202806690149059,1.08084358523726,0.00799086757990868,0.954337899543379,0.0182648401826484
55079021700,Census Tract 217,Milwaukee County,Wisconsin,B25064_001,863,59,873.5,98.8,01/11/2022,15,0.0257289879931389,0.202806690149059,0.50314465408805,0.730703259005146,0,0.102915951972556
55079120502,Census Tract 1205.02,Milwaukee County,Wisconsin,B25064_001,941,32,873.5,107.7,01/11/2022,4,0.00336700336700337,0.202806690149059,1.04166666666667,0.758417508417509,0.0134680134680135,0.0993265993265993
55079160300,Census Tract 1603,Milwaukee County,Wisconsin,B25064_001,1456,287,873.5,166.7,01/11/2022,10,0.078740157480315,0.202806690149059,1.89655172413793,0.78740157480315,0,0.125984251968504
55079002200,Census Tract 22,Milwaukee County,Wisconsin,B25064_001,975,79,873.5,111.6,01/11/2022,55,0.209125475285171,0.202806690149059,1.35922330097087,0.121673003802281,0.809885931558936,0.0190114068441065
55079050102,Census Tract 501.02,Milwaukee County,Wisconsin,B25064_001,1035,101,873.5,118.5,01/11/2022,111,0.0708359923420549,0.202806690149059,2.23107569721116,0.249521378430121,0.610721123165284,0.0344607530312699
55079060101,Census Tract 601.01,Milwaukee County,Wisconsin,B25064_001,1081,103,873.5,123.8,01/11/2022,25,0.0393081761006289,0.202806690149059,2.95454545454545,0.558176100628931,0.245283018867925,0.0849056603773585
55079009300,Census Tract 93,Milwaukee County,Wisconsin,B25064_001,849,49,873.5,97.2,01/11/2022,61,0.101836393989983,0.202806690149059,1.44859813084112,0.32220367278798,0.607679465776294,0.0367278797996661
55079000700,Census Tract 7,Milwaukee County,Wisconsin,B25064_001,865,52,873.5,99,01/11/2022,42,0.0625931445603577,0.202806690149059,1.1436170212766,0.102831594634873,0.780923994038748,0.0327868852459016
55079000800,Census Tract 8,Milwaukee County,Wisconsin,B25064_001,1075,99,873.5,123.1,01/11/2022,85,0.0876288659793814,0.202806690149059,0.873983739837398,0.192783505154639,0.7,0.00927835051546392
55079070200,Census Tract 702,Milwaukee County,Wisconsin,B25064_001,1366,169,873.5,156.4,01/11/2022,0,0,0.202806690149059,0.714285714285714,0.690140845070423,0.246478873239437,0.0633802816901408
55079020300,Census Tract 203,Milwaukee County,Wisconsin,B25064_001,884,46,873.5,101.2,01/11/2022,10,0.028735632183908,0.202806690149059,1.41025641025641,0.508620689655172,0,0.491379310344828
55079018200,Census Tract 182,Milwaukee County,Wisconsin,B25064_001,887,112,873.5,101.5,01/11/2022,0,0,0.202806690149059,0.217391304347826,0.929577464788732,0.028169014084507,0.0422535211267606
55079001400,Census Tract 14,Milwaukee County,Wisconsin,B25064_001,860,43,873.5,98.5,01/11/2022,213,0.310495626822157,0.202806690149059,1.66407465007776,0.142857142857143,0.688046647230321,0.0335276967930029
55079080400,Census Tract 804,Milwaukee County,Wisconsin,B25064_001,827,59,873.5,94.7,01/11/2022,14,0.0128676470588235,0.202806690149059,3.57142857142857,0.728860294117647,0.0487132352941176,0.0597426470588235
55079090100,Census Tract 901,Milwaukee County,Wisconsin,B25064_001,1326,167,873.5,151.8,01/11/2022,5,0.00831946755407654,0.202806690149059,1.57894736842105,0.597337770382696,0.29450915141431,0
55079021300,Census Tract 213,Milwaukee County,Wisconsin,B25064_001,1110,75,873.5,127.1,01/11/2022,3,0.005859375,0.202806690149059,0.689655172413793,0.595703125,0.15234375,0.234375
55079101700,Census Tract 1017,Milwaukee County,Wisconsin,B25064_001,808,129,873.5,92.5,01/11/2022,11,0.0173228346456693,0.202806690149059,0.517241379310345,0.618897637795276,0.0944881889763779,0.289763779527559
55079101800,Census Tract 1018,Milwaukee County,Wisconsin,B25064_001,735,79,873.5,84.1,01/11/2022,4,0.0101010101010101,0.202806690149059,0.735294117647059,0.681818181818182,0.277777777777778,0.0404040404040404
55079120203,Census Tract 1202.03,Milwaukee County,Wisconsin,B25064_001,880,25,873.5,100.7,01/11/2022,20,0.0199600798403194,0.202806690149059,1.90909090909091,0.684630738522954,0.124750499001996,0.151696606786427
55079150301,Census Tract 1503.01,Milwaukee County,Wisconsin,B25064_001,970,104,873.5,111,01/11/2022,4,0.0180995475113122,0.202806690149059,0.510204081632653,0.69683257918552,0,0
55079185800,Census Tract 1858,Milwaukee County,Wisconsin,B25064_001,726,110,873.5,83.1,01/11/2022,21,0.112903225806452,0.202806690149059,0.575916230366492,0,0.978494623655914,0.021505376344086
55079091300,Census Tract 913,Milwaukee County,Wisconsin,B25064_001,1214,123,873.5,139,01/11/2022,6,0.0131004366812227,0.202806690149059,1.94444444444444,0.796943231441048,0,0.00436681222707424
55079016300,Census Tract 163,Milwaukee County,Wisconsin,B25064_001,787,101,873.5,90.1,01/11/2022,76,0.093711467324291,0.202806690149059,0.723684210526316,0.122071516646116,0.184956843403206,0.692971639950678
55079185700,Census Tract 1857,Milwaukee County,Wisconsin,B25064_001,880,71,873.5,100.7,01/11/2022,70,0.145530145530146,0.202806690149059,1.26334519572954,0.0935550935550936,0.831600831600832,0.0748440748440749
55079019700,Census Tract 197,Milwaukee County,Wisconsin,B25064_001,884,115,873.5,101.2,01/11/2022,54,0.0646706586826347,0.202806690149059,1.80921052631579,0.673053892215569,0.0395209580838323,0.250299401197605
55079186000,Census Tract 1860,Milwaukee County,Wisconsin,B25064_001,449,197,873.5,51.4,01/11/2022,25,0.0324254215304799,0.202806690149059,0.878378378378378,0.0920881971465629,0.85473411154345,0.053177691309987
55079004600,Census Tract 46,Milwaukee County,Wisconsin,B25064_001,838,106,873.5,95.9,01/11/2022,75,0.129757785467128,0.202806690149059,0.877598152424942,0.105536332179931,0.884083044982699,0
55079013000,Census Tract 130,Milwaukee County,Wisconsin,B25064_001,782,53,873.5,89.5,01/11/2022,14,0.037037037037037,0.202806690149059,0.842696629213483,0.502645502645503,0.161375661375661,0.246031746031746
55079091400,Census Tract 914,Milwaukee County,Wisconsin,B25064_001,1195,66,873.5,136.8,01/11/2022,2,0.00749063670411985,0.202806690149059,0.681818181818182,0.782771535580524,0.0636704119850187,0.0674157303370787
55079016700,Census Tract 167,Milwaukee County,Wisconsin,B25064_001,790,59,873.5,90.4,01/11/2022,98,0.112903225806452,0.202806690149059,1.43895348837209,0.182027649769585,0.20852534562212,0.50230414746543794
55079012500,Census Tract 125,Milwaukee County,Wisconsin,B25064_001,876,36,873.5,100.3,01/11/2022,5,0.0122549019607843,0.202806690149059,0.625,0.627450980392157,0.227941176470588,0.071078431372549
55079020700,Census Tract 207,Milwaukee County,Wisconsin,B25064_001,935,47,873.5,107,01/11/2022,12,0.0180451127819549,0.202806690149059,1.10169491525424,0.586466165413534,0.0796992481203008,0.282706766917293
55079000600,Census Tract 6,Milwaukee County,Wisconsin,B25064_001,778,110,873.5,89.1,01/11/2022,187,0.171402383134739,0.202806690149059,1.30193905817175,0.0742438130155821,0.813932172318974,0
55079185300,Census Tract 1853,Milwaukee County,Wisconsin,B25064_001,1333,45,873.5,152.6,01/11/2022,9,0.00986842105263158,0.202806690149059,2.08333333333333,0.660087719298246,0.0646929824561404,0.0504385964912281
55079018300,Census Tract 183,Milwaukee County,Wisconsin,B25064_001,985,76,873.5,112.8,01/11/2022,5,0.00814332247557003,0.202806690149059,0.416666666666667,0.780130293159609,0.0716612377850163,0.148208469055375
55079160202,Census Tract 1602.02,Milwaukee County,Wisconsin,B25064_001,1146,334,873.5,131.2,01/11/2022,14,0.00962199312714777,0.202806690149059,0.721153846153846,0.762199312714777,0.0109965635738832,0.145704467353952
55079007600,Census Tract 76,Milwaukee County,Wisconsin,B25064_001,970,60,873.5,111,01/11/2022,20,0.0140449438202247,0.202806690149059,1.12903225806452,0.879213483146067,0.050561797752809,0.0280898876404494
55079180500,Census Tract 1805,Milwaukee County,Wisconsin,B25064_001,826,56,873.5,94.6,01/11/2022,9,0.0134529147982063,0.202806690149059,0.282485875706215,0.896860986547085,0.0343796711509716,0.0687593423019432
55079187400,Census Tract 1874,Milwaukee County,Wisconsin,B25064_001,1722,73,873.5,197.1,01/11/2022,13,0.00990853658536585,0.202806690149059,1.32075471698113,0.936737804878049,0.00838414634146342,0.0076219512195122
55079160203,Census Tract 1602.03,Milwaukee County,Wisconsin,B25064_001,1153,90,873.5,132,01/11/2022,23,0.0207956600361664,0.202806690149059,1.9672131147541,0.708860759493671,0.069620253164557,0.126582278481013
55079004500,Census Tract 45,Milwaukee County,Wisconsin,B25064_001,812,107,873.5,93,01/11/2022,54,0.0944055944055944,0.202806690149059,0.721784776902887,0,0.924825174825175,0.0769230769230769
55079186300,Census Tract 1863,Milwaukee County,Wisconsin,B25064_001,1481,121,873.5,169.5,01/11/2022,98,0.0928909952606635,0.202806690149059,2.28110599078341,0.713744075829384,0.143127962085308,0.04739336492891
55079120400,Census Tract 1204,Milwaukee County,Wisconsin,B25064_001,1030,90,873.5,117.9,01/11/2022,63,0.0472972972972973,0.202806690149059,2.07792207792208,0.685435435435435,0.182432432432432,0.0893393393393393
55079009900,Census Tract 99,Milwaukee County,Wisconsin,B25064_001,914,68,873.5,104.6,01/11/2022,27,0.137055837563452,0.202806690149059,0.571428571428571,0.0304568527918782,0.969543147208122,0
55079005900,Census Tract 59,Milwaukee County,Wisconsin,B25064_001,867,45,873.5,99.3,01/11/2022,98,0.129973474801061,0.202806690149059,1.06681034482759,0.0862068965517242,0.854111405835544,0.0530503978779841
55079004000,Census Tract 40,Milwaukee County,Wisconsin,B25064_001,690,67,873.5,79,01/11/2022,35,0.0506512301013025,0.202806690149059,0.569620253164557,0.0347322720694645,0.942112879884226,0.0231548480463097
55079000501,Census Tract 5.01,Milwaukee County,Wisconsin,B25064_001,909,80,873.5,104.1,01/11/2022,95,0.133991537376587,0.202806690149059,0.967741935483871,0.214386459802539,0.695345557122708,0.078984485190409
55079018000,Census Tract 180,Milwaukee County,Wisconsin,B25064_001,895,52,873.5,102.5,01/11/2022,7,0.00712830957230143,0.202806690149059,0.555555555555556,0.766802443991853,0.0590631364562118,0.113034623217923
55079011200,Census Tract 112,Milwaukee County,Wisconsin,B25064_001,885,114,873.5,101.3,01/11/2022,14,0.0127041742286751,0.202806690149059,0.669642857142857,0.587114337568058,0.204174228675136,0.0408348457350272
55079008400,Census Tract 84,Milwaukee County,Wisconsin,B25064_001,803,126,873.5,91.9,01/11/2022,28,0.113821138211382,0.202806690149059,0.480132450331126,0.0447154471544715,0.886178861788618,0.0487804878048781
55079002400,Census Tract 24,Milwaukee County,Wisconsin,B25064_001,848,79,873.5,97.1,01/11/2022,122,0.215929203539823,0.202806690149059,1.201171875,0.0920353982300885,0.907964601769912,0
55079186600,Census Tract 1866,Milwaukee County,Wisconsin,B25064_001,812,92,873.5,93,01/11/2022,36,0.0636042402826855,0.202806690149059,0.596774193548387,0.408127208480565,0.139575971731449,0.443462897526502
55079008000,Census Tract 80,Milwaukee County,Wisconsin,B25064_001,856,24,873.5,98,01/11/2022,16,0.0255591054313099,0.202806690149059,0.817307692307692,0.594249201277955,0.217252396166134,0.0591054313099042
55079003700,Census Tract 37,Milwaukee County,Wisconsin,B25064_001,939,52,873.5,107.5,01/11/2022,21,0.0714285714285714,0.202806690149059,0.738255033557047,0.0782312925170068,0.877551020408163,0
55079170400,Census Tract 1704,Milwaukee County,Wisconsin,B25064_001,957,131,873.5,109.6,01/11/2022,1,0.00840336134453782,0.202806690149059,0.526315789473684,0.865546218487395,0,0.100840336134454
55079185100,Census Tract 1851,Milwaukee County,Wisconsin,B25064_001,770,39,873.5,88.2,01/11/2022,23,0.0184738955823293,0.202806690149059,0.96,0.736546184738956,0.0522088353413655,0.163855421686747
55079090700,Census Tract 907,Milwaukee County,Wisconsin,B25064_001,1107,170,873.5,126.7,01/11/2022,1,0.00581395348837209,0.202806690149059,1.66666666666667,0.941860465116279,0,0
55079004100,Census Tract 41,Milwaukee County,Wisconsin,B25064_001,963,62,873.5,110.2,01/11/2022,70,0.11437908496732,0.202806690149059,1.04411764705882,0.0571895424836601,0.926470588235294,0.0375816993464052
55079002500,Census Tract 25,Milwaukee County,Wisconsin,B25064_001,858,69,873.5,98.2,01/11/2022,114,0.236514522821577,0.202806690149059,1.03603603603604,0.0726141078838174,0.892116182572614,0
55079000502,Census Tract 5.02,Milwaukee County,Wisconsin,B25064_001,828,58,873.5,94.8,01/11/2022,368,0.331233123312331,0.202806690149059,1.64438502673797,0.0747074707470747,0.833483348334834,0.0522052205220522
55079006300,Census Tract 63,Milwaukee County,Wisconsin,B25064_001,873,99,873.5,99.9,01/11/2022,68,0.125,0.202806690149059,0.623869801084991,0.0441176470588235,0.939338235294118,0.0367647058823529
55079018500,Census Tract 185,Milwaukee County,Wisconsin,B25064_001,994,185,873.5,113.8,01/11/2022,4,0.0222222222222222,0.202806690149059,1.13636363636364,0.6,0,0.25
55079000303,Census Tract 3.03,Milwaukee County,Wisconsin,B25064_001,1005,178,873.5,115.1,01/11/2022,12,0.0428571428571429,0.202806690149059,0.955882352941176,0.217857142857143,0.767857142857143,0
55079004200,Census Tract 42,Milwaukee County,Wisconsin,B25064_001,864,40,873.5,98.9,01/11/2022,138,0.164874551971326,0.202806690149059,0.861214374225527,0.038231780167264,0.896057347670251,0.02389486260454
55079020000,Census Tract 200,Milwaukee County,Wisconsin,B25064_001,739,42,873.5,84.6,01/11/2022,63,0.0711864406779661,0.202806690149059,1.6243654822335,0.328813559322034,0.228248587570621,0.301694915254237
55079150100,Census Tract 1501,Milwaukee County,Wisconsin,B25064_001,973,55,873.5,111.4,01/11/2022,13,0.0106820049301561,0.202806690149059,0.546875,0.746096959737058,0.0115036976170912,0.142974527526705
55079090300,Census Tract 903,Milwaukee County,Wisconsin,B25064_001,956,53,873.5,109.4,01/11/2022,26,0.0348525469168901,0.202806690149059,1.77631578947368,0.640750670241287,0.13941018766756,0.014745308310992
55079019400,Census Tract 194,Milwaukee County,Wisconsin,B25064_001,941,57,873.5,107.7,01/11/2022,10,0.0100300902708124,0.202806690149059,0.3125,0.711133400200602,0.0431293881644935,0.195586760280843
55079002800,Census Tract 28,Milwaukee County,Wisconsin,B25064_001,855,86,873.5,97.9,01/11/2022,108,0.171156893819334,0.202806690149059,0.753803596127248,0.0158478605388273,0.944532488114105,0.0190174326465927
55079186200,Census Tract 1862,Milwaukee County,Wisconsin,B25064_001,537,77,873.5,61.5,01/11/2022,12,0.0418118466898955,0.202806690149059,0.68421052631579,0.0348432055749129,0.951219512195122,0
55079100400,Census Tract 1004,Milwaukee County,Wisconsin,B25064_001,839,49,873.5,96.1,01/11/2022,25,0.0351123595505618,0.202806690149059,0.942028985507246,0.671348314606742,0.171348314606742,0.14747191011236
55079035200,Census Tract 352,Milwaukee County,Wisconsin,B25064_001,1240,85,873.5,142,01/11/2022,8,0.0177777777777778,0.202806690149059,7.5,0.697777777777778,0.148888888888889,0.131111111111111
55079003100,Census Tract 31,Milwaukee County,Wisconsin,B25064_001,1022,113,873.5,117,01/11/2022,51,0.0739130434782609,0.202806690149059,0.751445086705202,0.0695652173913044,0.831884057971015,0
55079018800,Census Tract 188,Milwaukee County,Wisconsin,B25064_001,844,88,873.5,96.6,01/11/2022,14,0.0608695652173913,0.202806690149059,0.625,0.0521739130434783,0.147826086956522,0.804347826086957
55079000101,Census Tract 1.01,Milwaukee County,Wisconsin,B25064_001,839,138,873.5,96.1,01/11/2022,141,0.0780730897009967,0.202806690149059,0.80316742081448,0.203765227021041,0.676079734219269,0.0465116279069768
55079007200,Census Tract 72,Milwaukee County,Wisconsin,B25064_001,846,104,873.5,96.9,01/11/2022,22,0.0296495956873315,0.202806690149059,1.23655913978495,0.415094339622642,0.376010781671159,0.0997304582210243
55079990000,Census Tract 9900,Milwaukee County,Wisconsin,B25064_001,NA,NA,873.5,NA,01/11/2022,0,NA,0.202806690149059,1,NA,NA,NA
